id,guide_title,overview,possible_symptom,recommended_action,risk_category,resource_type,content_format
1,Mental health awareness for mothers,Mental health awareness for mothers helps mothers understand emotional and psychological changes.,loss of interest,join maternal support groups,low_risk,postpartum_support,educational_guide
2,Postpartum emotional recovery,Postpartum emotional recovery helps mothers understand emotional and psychological changes.,difficulty bonding with baby,practice relaxation techniques,low_risk,mental_health,educational_guide
3,Adapting to motherhood,Adapting to motherhood helps mothers understand emotional and psychological changes.,persistent sadness,talk to family or trusted individuals,low_risk,mental_health,educational_guide
4,Navigating emotional changes after childbirth,Navigating emotional changes after childbirth helps mothers understand emotional and psychological changes.,difficulty bonding with baby,join maternal support groups,high_risk,pregnancy_guide,educational_guide
5,Building a support system,Building a support system helps mothers understand emotional and psychological changes.,extreme fatigue,join maternal support groups,moderate_risk,postpartum_support,educational_guide
6,Recognizing baby blues,Recognizing baby blues helps mothers understand emotional and psychological changes.,extreme fatigue,join maternal support groups,high_risk,postpartum_support,educational_guide
7,Managing anxiety during pregnancy,Managing anxiety during pregnancy helps mothers understand emotional and psychological changes.,sleep disturbances,practice relaxation techniques,low_risk,mental_health,educational_guide
8,Building a support system,Building a support system helps mothers understand emotional and psychological changes.,sleep disturbances,join maternal support groups,high_risk,mental_health,educational_guide
9,Building a support system,Building a support system helps mothers understand emotional and psychological changes.,anxiety and panic,practice relaxation techniques,high_risk,postpartum_support,educational_guide
10,Understanding postpartum depression,Understanding postpartum depression helps mothers understand emotional and psychological changes.,sleep disturbances,consult healthcare providers,moderate_risk,pregnancy_guide,educational_guide
11,Building a support system,Building a support system helps mothers understand emotional and psychological changes.,extreme fatigue,talk to family or trusted individuals,high_risk,postpartum_support,educational_guide
12,Mental health awareness for mothers,Mental health awareness for mothers helps mothers understand emotional and psychological changes.,loss of interest,join maternal support groups,moderate_risk,mental_health,educational_guide
13,Navigating emotional changes after childbirth,Navigating emotional changes after childbirth helps mothers understand emotional and psychological changes.,sleep disturbances,seek professional counseling,high_risk,postpartum_support,educational_guide
14,Recognizing baby blues,Recognizing baby blues helps mothers understand emotional and psychological changes.,loss of interest,practice relaxation techniques,high_risk,postpartum_support,educational_guide
15,Mental health awareness for mothers,Mental health awareness for mothers helps mothers understand emotional and psychological changes.,sleep disturbances,talk to family or trusted individuals,low_risk,postpartum_support,educational_guide
16,Understanding postpartum depression,Understanding postpartum depression helps mothers understand emotional and psychological changes.,difficulty bonding with baby,practice relaxation techniques,high_risk,postpartum_support,educational_guide
17,Postpartum emotional recovery,Postpartum emotional recovery helps mothers understand emotional and psychological changes.,loss of interest,talk to family or trusted individuals,low_risk,mental_health,educational_guide
18,Adapting to motherhood,Adapting to motherhood helps mothers understand emotional and psychological changes.,loss of interest,join maternal support groups,low_risk,postpartum_support,educational_guide
19,Mental health awareness for mothers,Mental health awareness for mothers helps mothers understand emotional and psychological changes.,persistent sadness,practice relaxation techniques,low_risk,postpartum_support,educational_guide
20,Understanding postpartum depression,Understanding postpartum depression helps mothers understand emotional and psychological changes.,difficulty bonding with baby,consult healthcare providers,low_risk,postpartum_support,educational_guide
21,Managing anxiety during pregnancy,Managing anxiety during pregnancy helps mothers understand emotional and psychological changes.,anxiety and panic,practice relaxation techniques,low_risk,pregnancy_guide,educational_guide
22,Adapting to motherhood,Adapting to motherhood helps mothers understand emotional and psychological changes.,sleep disturbances,consult healthcare providers,high_risk,pregnancy_guide,educational_guide
23,Postpartum emotional recovery,Postpartum emotional recovery helps mothers understand emotional and psychological changes.,sleep disturbances,seek professional counseling,low_risk,pregnancy_guide,educational_guide
24,Managing anxiety during pregnancy,Managing anxiety during pregnancy helps mothers understand emotional and psychological changes.,anxiety and panic,practice relaxation techniques,moderate_risk,pregnancy_guide,educational_guide
25,Understanding postpartum depression,Understanding postpartum depression helps mothers understand emotional and psychological changes.,loss of interest,consult healthcare providers,moderate_risk,postpartum_support,educational_guide
26,Navigating emotional changes after childbirth,Navigating emotional changes after childbirth helps mothers understand emotional and psychological changes.,extreme fatigue,join maternal support groups,low_risk,mental_health,educational_guide
27,Postpartum emotional recovery,Postpartum emotional recovery helps mothers understand emotional and psychological changes.,anxiety and panic,join maternal support groups,low_risk,pregnancy_guide,educational_guide
28,Postpartum emotional recovery,Postpartum emotional recovery helps mothers understand emotional and psychological changes.,persistent sadness,consult healthcare providers,low_risk,mental_health,educational_guide
29,Managing anxiety during pregnancy,Managing anxiety during pregnancy helps mothers understand emotional and psychological changes.,anxiety and panic,join maternal support groups,high_risk,postpartum_support,educational_guide
30,Adapting to motherhood,Adapting to motherhood helps mothers understand emotional and psychological changes.,difficulty bonding with baby,join maternal support groups,low_risk,pregnancy_guide,educational_guide
31,Understanding postpartum depression,Understanding postpartum depression helps mothers understand emotional and psychological changes.,persistent sadness,consult healthcare providers,high_risk,pregnancy_guide,educational_guide
32,Adapting to motherhood,Adapting to motherhood helps mothers understand emotional and psychological changes.,sleep disturbances,practice relaxation techniques,moderate_risk,mental_health,educational_guide
33,Seeking professional support,Seeking professional support helps mothers understand emotional and psychological changes.,sleep disturbances,join maternal support groups,high_risk,postpartum_support,educational_guide
34,Adapting to motherhood,Adapting to motherhood helps mothers understand emotional and psychological changes.,anxiety and panic,consult healthcare providers,high_risk,pregnancy_guide,educational_guide
35,Understanding postpartum depression,Understanding postpartum depression helps mothers understand emotional and psychological changes.,extreme fatigue,practice relaxation techniques,moderate_risk,postpartum_support,educational_guide
36,Recognizing baby blues,Recognizing baby blues helps mothers understand emotional and psychological changes.,loss of interest,seek professional counseling,low_risk,pregnancy_guide,educational_guide
37,Navigating emotional changes after childbirth,Navigating emotional changes after childbirth helps mothers understand emotional and psychological changes.,sleep disturbances,talk to family or trusted individuals,low_risk,pregnancy_guide,educational_guide
38,Postpartum emotional recovery,Postpartum emotional recovery helps mothers understand emotional and psychological changes.,loss of interest,practice relaxation techniques,low_risk,postpartum_support,educational_guide
39,Recognizing baby blues,Recognizing baby blues helps mothers understand emotional and psychological changes.,loss of interest,seek professional counseling,moderate_risk,postpartum_support,educational_guide
40,Understanding postpartum depression,Understanding postpartum depression helps mothers understand emotional and psychological changes.,anxiety and panic,practice relaxation techniques,high_risk,pregnancy_guide,educational_guide
41,Seeking professional support,Seeking professional support helps mothers understand emotional and psychological changes.,extreme fatigue,talk to family or trusted individuals,low_risk,pregnancy_guide,educational_guide
42,Seeking professional support,Seeking professional support helps mothers understand emotional and psychological changes.,persistent sadness,consult healthcare providers,moderate_risk,pregnancy_guide,educational_guide
43,Adapting to motherhood,Adapting to motherhood helps mothers understand emotional and psychological changes.,loss of interest,seek professional counseling,low_risk,mental_health,educational_guide
44,Recognizing baby blues,Recognizing baby blues helps mothers understand emotional and psychological changes.,extreme fatigue,talk to family or trusted individuals,high_risk,mental_health,educational_guide
45,Building a support system,Building a support system helps mothers understand emotional and psychological changes.,sleep disturbances,join maternal support groups,low_risk,postpartum_support,educational_guide
46,Understanding postpartum depression,Understanding postpartum depression helps mothers understand emotional and psychological changes.,extreme fatigue,seek professional counseling,high_risk,pregnancy_guide,educational_guide
47,Recognizing baby blues,Recognizing baby blues helps mothers understand emotional and psychological changes.,loss of interest,seek professional counseling,high_risk,pregnancy_guide,educational_guide
48,Adapting to motherhood,Adapting to motherhood helps mothers understand emotional and psychological changes.,extreme fatigue,seek professional counseling,low_risk,pregnancy_guide,educational_guide
49,Recognizing baby blues,Recognizing baby blues helps mothers understand emotional and psychological changes.,anxiety and panic,practice relaxation techniques,low_risk,mental_health,educational_guide
50,Managing anxiety during pregnancy,Managing anxiety during pregnancy helps mothers understand emotional and psychological changes.,sleep disturbances,practice relaxation techniques,moderate_risk,postpartum_support,educational_guide
51,Mental health awareness for mothers,Mental health awareness for mothers helps mothers understand emotional and psychological changes.,extreme fatigue,talk to family or trusted individuals,moderate_risk,mental_health,educational_guide
52,First months of motherhood,First months of motherhood helps mothers understand emotional and psychological changes.,extreme fatigue,consult healthcare providers,high_risk,mental_health,educational_guide
53,Understanding postpartum depression,Understanding postpartum depression helps mothers understand emotional and psychological changes.,difficulty bonding with baby,consult healthcare providers,high_risk,pregnancy_guide,educational_guide
54,Building a support system,Building a support system helps mothers understand emotional and psychological changes.,sleep disturbances,consult healthcare providers,moderate_risk,mental_health,educational_guide
55,Seeking professional support,Seeking professional support helps mothers understand emotional and psychological changes.,persistent sadness,seek professional counseling,high_risk,postpartum_support,educational_guide
56,Recognizing baby blues,Recognizing baby blues helps mothers understand emotional and psychological changes.,sleep disturbances,talk to family or trusted individuals,low_risk,postpartum_support,educational_guide
57,Navigating emotional changes after childbirth,Navigating emotional changes after childbirth helps mothers understand emotional and psychological changes.,sleep disturbances,talk to family or trusted individuals,low_risk,mental_health,educational_guide
58,Postpartum emotional recovery,Postpartum emotional recovery helps mothers understand emotional and psychological changes.,anxiety and panic,practice relaxation techniques,high_risk,mental_health,educational_guide
59,Mental health awareness for mothers,Mental health awareness for mothers helps mothers understand emotional and psychological changes.,loss of interest,practice relaxation techniques,high_risk,mental_health,educational_guide
60,Managing anxiety during pregnancy,Managing anxiety during pregnancy helps mothers understand emotional and psychological changes.,extreme fatigue,join maternal support groups,high_risk,mental_health,educational_guide
61,First months of motherhood,First months of motherhood helps mothers understand emotional and psychological changes.,loss of interest,consult healthcare providers,low_risk,pregnancy_guide,educational_guide
62,Recognizing baby blues,Recognizing baby blues helps mothers understand emotional and psychological changes.,anxiety and panic,talk to family or trusted individuals,high_risk,mental_health,educational_guide
63,Navigating emotional changes after childbirth,Navigating emotional changes after childbirth helps mothers understand emotional and psychological changes.,extreme fatigue,talk to family or trusted individuals,moderate_risk,pregnancy_guide,educational_guide
64,Mental health awareness for mothers,Mental health awareness for mothers helps mothers understand emotional and psychological changes.,extreme fatigue,consult healthcare providers,moderate_risk,mental_health,educational_guide
65,Understanding postpartum depression,Understanding postpartum depression helps mothers understand emotional and psychological changes.,sleep disturbances,join maternal support groups,low_risk,mental_health,educational_guide
66,First months of motherhood,First months of motherhood helps mothers understand emotional and psychological changes.,anxiety and panic,consult healthcare providers,low_risk,pregnancy_guide,educational_guide
67,First months of motherhood,First months of motherhood helps mothers understand emotional and psychological changes.,sleep disturbances,practice relaxation techniques,moderate_risk,pregnancy_guide,educational_guide
68,Adapting to motherhood,Adapting to motherhood helps mothers understand emotional and psychological changes.,extreme fatigue,seek professional counseling,low_risk,postpartum_support,educational_guide
69,Adapting to motherhood,Adapting to motherhood helps mothers understand emotional and psychological changes.,extreme fatigue,seek professional counseling,high_risk,pregnancy_guide,educational_guide
70,Postpartum emotional recovery,Postpartum emotional recovery helps mothers understand emotional and psychological changes.,difficulty bonding with baby,talk to family or trusted individuals,moderate_risk,mental_health,educational_guide
71,Recognizing baby blues,Recognizing baby blues helps mothers understand emotional and psychological changes.,anxiety and panic,seek professional counseling,moderate_risk,pregnancy_guide,educational_guide
72,Managing anxiety during pregnancy,Managing anxiety during pregnancy helps mothers understand emotional and psychological changes.,extreme fatigue,seek professional counseling,low_risk,mental_health,educational_guide
73,First months of motherhood,First months of motherhood helps mothers understand emotional and psychological changes.,loss of interest,consult healthcare providers,moderate_risk,pregnancy_guide,educational_guide
74,Understanding postpartum depression,Understanding postpartum depression helps mothers understand emotional and psychological changes.,persistent sadness,practice relaxation techniques,high_risk,mental_health,educational_guide
75,First months of motherhood,First months of motherhood helps mothers understand emotional and psychological changes.,anxiety and panic,practice relaxation techniques,moderate_risk,pregnancy_guide,educational_guide
76,Mental health awareness for mothers,Mental health awareness for mothers helps mothers understand emotional and psychological changes.,difficulty bonding with baby,join maternal support groups,low_risk,pregnancy_guide,educational_guide
77,Understanding postpartum depression,Understanding postpartum depression helps mothers understand emotional and psychological changes.,sleep disturbances,seek professional counseling,high_risk,postpartum_support,educational_guide
78,Recognizing baby blues,Recognizing baby blues helps mothers understand emotional and psychological changes.,loss of interest,join maternal support groups,low_risk,postpartum_support,educational_guide
79,Mental health awareness for mothers,Mental health awareness for mothers helps mothers understand emotional and psychological changes.,difficulty bonding with baby,seek professional counseling,high_risk,pregnancy_guide,educational_guide
80,Navigating emotional changes after childbirth,Navigating emotional changes after childbirth helps mothers understand emotional and psychological changes.,anxiety and panic,consult healthcare providers,low_risk,mental_health,educational_guide
81,Navigating emotional changes after childbirth,Navigating emotional changes after childbirth helps mothers understand emotional and psychological changes.,loss of interest,seek professional counseling,moderate_risk,postpartum_support,educational_guide
82,Navigating emotional changes after childbirth,Navigating emotional changes after childbirth helps mothers understand emotional and psychological changes.,persistent sadness,talk to family or trusted individuals,moderate_risk,postpartum_support,educational_guide
83,Navigating emotional changes after childbirth,Navigating emotional changes after childbirth helps mothers understand emotional and psychological changes.,extreme fatigue,practice relaxation techniques,low_risk,mental_health,educational_guide
84,Managing anxiety during pregnancy,Managing anxiety during pregnancy helps mothers understand emotional and psychological changes.,extreme fatigue,seek professional counseling,high_risk,mental_health,educational_guide
85,First months of motherhood,First months of motherhood helps mothers understand emotional and psychological changes.,difficulty bonding with baby,seek professional counseling,low_risk,mental_health,educational_guide
86,Building a support system,Building a support system helps mothers understand emotional and psychological changes.,loss of interest,join maternal support groups,high_risk,pregnancy_guide,educational_guide
87,Navigating emotional changes after childbirth,Navigating emotional changes after childbirth helps mothers understand emotional and psychological changes.,loss of interest,seek professional counseling,high_risk,mental_health,educational_guide
88,Mental health awareness for mothers,Mental health awareness for mothers helps mothers understand emotional and psychological changes.,loss of interest,practice relaxation techniques,moderate_risk,pregnancy_guide,educational_guide
89,Postpartum emotional recovery,Postpartum emotional recovery helps mothers understand emotional and psychological changes.,persistent sadness,practice relaxation techniques,high_risk,pregnancy_guide,educational_guide
90,Postpartum emotional recovery,Postpartum emotional recovery helps mothers understand emotional and psychological changes.,difficulty bonding with baby,practice relaxation techniques,moderate_risk,pregnancy_guide,educational_guide
91,Recognizing baby blues,Recognizing baby blues helps mothers understand emotional and psychological changes.,extreme fatigue,join maternal support groups,moderate_risk,pregnancy_guide,educational_guide
92,Mental health awareness for mothers,Mental health awareness for mothers helps mothers understand emotional and psychological changes.,difficulty bonding with baby,join maternal support groups,high_risk,postpartum_support,educational_guide
93,Postpartum emotional recovery,Postpartum emotional recovery helps mothers understand emotional and psychological changes.,sleep disturbances,seek professional counseling,moderate_risk,pregnancy_guide,educational_guide
94,Managing anxiety during pregnancy,Managing anxiety during pregnancy helps mothers understand emotional and psychological changes.,loss of interest,practice relaxation techniques,high_risk,pregnancy_guide,educational_guide
95,Navigating emotional changes after childbirth,Navigating emotional changes after childbirth helps mothers understand emotional and psychological changes.,anxiety and panic,seek professional counseling,low_risk,postpartum_support,educational_guide
96,Building a support system,Building a support system helps mothers understand emotional and psychological changes.,sleep disturbances,talk to family or trusted individuals,high_risk,mental_health,educational_guide
97,Navigating emotional changes after childbirth,Navigating emotional changes after childbirth helps mothers understand emotional and psychological changes.,loss of interest,join maternal support groups,high_risk,postpartum_support,educational_guide
98,Adapting to motherhood,Adapting to motherhood helps mothers understand emotional and psychological changes.,extreme fatigue,practice relaxation techniques,moderate_risk,mental_health,educational_guide
99,Postpartum emotional recovery,Postpartum emotional recovery helps mothers understand emotional and psychological changes.,sleep disturbances,practice relaxation techniques,low_risk,mental_health,educational_guide
100,Recognizing baby blues,Recognizing baby blues helps mothers understand emotional and psychological changes.,sleep disturbances,seek professional counseling,moderate_risk,pregnancy_guide,educational_guide
101,Building a support system,Building a support system helps mothers understand emotional and psychological changes.,loss of interest,seek professional counseling,moderate_risk,pregnancy_guide,educational_guide
102,First months of motherhood,First months of motherhood helps mothers understand emotional and psychological changes.,anxiety and panic,join maternal support groups,moderate_risk,pregnancy_guide,educational_guide
103,First months of motherhood,First months of motherhood helps mothers understand emotional and psychological changes.,extreme fatigue,consult healthcare providers,high_risk,postpartum_support,educational_guide
104,Managing anxiety during pregnancy,Managing anxiety during pregnancy helps mothers understand emotional and psychological changes.,loss of interest,practice relaxation techniques,moderate_risk,pregnancy_guide,educational_guide
105,Navigating emotional changes after childbirth,Navigating emotional changes after childbirth helps mothers understand emotional and psychological changes.,anxiety and panic,practice relaxation techniques,low_risk,pregnancy_guide,educational_guide
106,Managing anxiety during pregnancy,Managing anxiety during pregnancy helps mothers understand emotional and psychological changes.,loss of interest,seek professional counseling,moderate_risk,pregnancy_guide,educational_guide
107,Recognizing baby blues,Recognizing baby blues helps mothers understand emotional and psychological changes.,persistent sadness,consult healthcare providers,low_risk,pregnancy_guide,educational_guide
108,Navigating emotional changes after childbirth,Navigating emotional changes after childbirth helps mothers understand emotional and psychological changes.,anxiety and panic,seek professional counseling,moderate_risk,pregnancy_guide,educational_guide
109,Postpartum emotional recovery,Postpartum emotional recovery helps mothers understand emotional and psychological changes.,persistent sadness,talk to family or trusted individuals,high_risk,mental_health,educational_guide
110,Adapting to motherhood,Adapting to motherhood helps mothers understand emotional and psychological changes.,loss of interest,talk to family or trusted individuals,moderate_risk,pregnancy_guide,educational_guide
111,Understanding postpartum depression,Understanding postpartum depression helps mothers understand emotional and psychological changes.,extreme fatigue,talk to family or trusted individuals,moderate_risk,pregnancy_guide,educational_guide
112,First months of motherhood,First months of motherhood helps mothers understand emotional and psychological changes.,difficulty bonding with baby,seek professional counseling,moderate_risk,pregnancy_guide,educational_guide
113,Adapting to motherhood,Adapting to motherhood helps mothers understand emotional and psychological changes.,loss of interest,join maternal support groups,low_risk,pregnancy_guide,educational_guide
114,First months of motherhood,First months of motherhood helps mothers understand emotional and psychological changes.,difficulty bonding with baby,practice relaxation techniques,moderate_risk,postpartum_support,educational_guide
115,Managing anxiety during pregnancy,Managing anxiety during pregnancy helps mothers understand emotional and psychological changes.,extreme fatigue,seek professional counseling,high_risk,pregnancy_guide,educational_guide
116,Seeking professional support,Seeking professional support helps mothers understand emotional and psychological changes.,difficulty bonding with baby,join maternal support groups,moderate_risk,postpartum_support,educational_guide
117,Managing anxiety during pregnancy,Managing anxiety during pregnancy helps mothers understand emotional and psychological changes.,difficulty bonding with baby,practice relaxation techniques,high_risk,pregnancy_guide,educational_guide
118,Adapting to motherhood,Adapting to motherhood helps mothers understand emotional and psychological changes.,anxiety and panic,consult healthcare providers,low_risk,postpartum_support,educational_guide
119,Understanding postpartum depression,Understanding postpartum depression helps mothers understand emotional and psychological changes.,anxiety and panic,consult healthcare providers,moderate_risk,mental_health,educational_guide
120,Seeking professional support,Seeking professional support helps mothers understand emotional and psychological changes.,persistent sadness,consult healthcare providers,high_risk,pregnancy_guide,educational_guide
121,Mental health awareness for mothers,Mental health awareness for mothers helps mothers understand emotional and psychological changes.,anxiety and panic,consult healthcare providers,low_risk,postpartum_support,educational_guide
122,Adapting to motherhood,Adapting to motherhood helps mothers understand emotional and psychological changes.,extreme fatigue,practice relaxation techniques,moderate_risk,mental_health,educational_guide
123,Recognizing baby blues,Recognizing baby blues helps mothers understand emotional and psychological changes.,anxiety and panic,talk to family or trusted individuals,high_risk,pregnancy_guide,educational_guide
124,Managing anxiety during pregnancy,Managing anxiety during pregnancy helps mothers understand emotional and psychological changes.,extreme fatigue,talk to family or trusted individuals,low_risk,pregnancy_guide,educational_guide
125,Mental health awareness for mothers,Mental health awareness for mothers helps mothers understand emotional and psychological changes.,persistent sadness,seek professional counseling,high_risk,pregnancy_guide,educational_guide
126,Navigating emotional changes after childbirth,Navigating emotional changes after childbirth helps mothers understand emotional and psychological changes.,sleep disturbances,seek professional counseling,moderate_risk,mental_health,educational_guide
127,Managing anxiety during pregnancy,Managing anxiety during pregnancy helps mothers understand emotional and psychological changes.,difficulty bonding with baby,join maternal support groups,high_risk,postpartum_support,educational_guide
128,Understanding postpartum depression,Understanding postpartum depression helps mothers understand emotional and psychological changes.,sleep disturbances,join maternal support groups,low_risk,mental_health,educational_guide
129,Adapting to motherhood,Adapting to motherhood helps mothers understand emotional and psychological changes.,sleep disturbances,practice relaxation techniques,high_risk,mental_health,educational_guide
130,Mental health awareness for mothers,Mental health awareness for mothers helps mothers understand emotional and psychological changes.,difficulty bonding with baby,consult healthcare providers,low_risk,pregnancy_guide,educational_guide
131,Postpartum emotional recovery,Postpartum emotional recovery helps mothers understand emotional and psychological changes.,anxiety and panic,talk to family or trusted individuals,high_risk,postpartum_support,educational_guide
132,Building a support system,Building a support system helps mothers understand emotional and psychological changes.,anxiety and panic,join maternal support groups,high_risk,postpartum_support,educational_guide
133,Adapting to motherhood,Adapting to motherhood helps mothers understand emotional and psychological changes.,loss of interest,practice relaxation techniques,low_risk,mental_health,educational_guide
134,Adapting to motherhood,Adapting to motherhood helps mothers understand emotional and psychological changes.,anxiety and panic,talk to family or trusted individuals,moderate_risk,mental_health,educational_guide
135,Understanding postpartum depression,Understanding postpartum depression helps mothers understand emotional and psychological changes.,loss of interest,practice relaxation techniques,low_risk,pregnancy_guide,educational_guide
136,Postpartum emotional recovery,Postpartum emotional recovery helps mothers understand emotional and psychological changes.,persistent sadness,consult healthcare providers,high_risk,pregnancy_guide,educational_guide
137,Adapting to motherhood,Adapting to motherhood helps mothers understand emotional and psychological changes.,anxiety and panic,join maternal support groups,high_risk,pregnancy_guide,educational_guide
138,Understanding postpartum depression,Understanding postpartum depression helps mothers understand emotional and psychological changes.,loss of interest,consult healthcare providers,high_risk,mental_health,educational_guide
139,Adapting to motherhood,Adapting to motherhood helps mothers understand emotional and psychological changes.,extreme fatigue,practice relaxation techniques,moderate_risk,pregnancy_guide,educational_guide
140,Building a support system,Building a support system helps mothers understand emotional and psychological changes.,sleep disturbances,practice relaxation techniques,high_risk,pregnancy_guide,educational_guide
141,First months of motherhood,First months of motherhood helps mothers understand emotional and psychological changes.,extreme fatigue,seek professional counseling,moderate_risk,postpartum_support,educational_guide
142,Building a support system,Building a support system helps mothers understand emotional and psychological changes.,sleep disturbances,seek professional counseling,high_risk,mental_health,educational_guide
143,Managing anxiety during pregnancy,Managing anxiety during pregnancy helps mothers understand emotional and psychological changes.,anxiety and panic,consult healthcare providers,moderate_risk,mental_health,educational_guide
144,First months of motherhood,First months of motherhood helps mothers understand emotional and psychological changes.,difficulty bonding with baby,seek professional counseling,high_risk,postpartum_support,educational_guide
145,Postpartum emotional recovery,Postpartum emotional recovery helps mothers understand emotional and psychological changes.,loss of interest,talk to family or trusted individuals,high_risk,pregnancy_guide,educational_guide
146,Recognizing baby blues,Recognizing baby blues helps mothers understand emotional and psychological changes.,persistent sadness,join maternal support groups,high_risk,postpartum_support,educational_guide
147,Recognizing baby blues,Recognizing baby blues helps mothers understand emotional and psychological changes.,anxiety and panic,talk to family or trusted individuals,moderate_risk,postpartum_support,educational_guide
148,Adapting to motherhood,Adapting to motherhood helps mothers understand emotional and psychological changes.,persistent sadness,practice relaxation techniques,high_risk,pregnancy_guide,educational_guide
149,Recognizing baby blues,Recognizing baby blues helps mothers understand emotional and psychological changes.,sleep disturbances,practice relaxation techniques,moderate_risk,pregnancy_guide,educational_guide
150,Postpartum emotional recovery,Postpartum emotional recovery helps mothers understand emotional and psychological changes.,loss of interest,consult healthcare providers,high_risk,mental_health,educational_guide
151,Understanding postpartum depression,Understanding postpartum depression helps mothers understand emotional and psychological changes.,anxiety and panic,seek professional counseling,low_risk,postpartum_support,educational_guide
152,Navigating emotional changes after childbirth,Navigating emotional changes after childbirth helps mothers understand emotional and psychological changes.,anxiety and panic,consult healthcare providers,high_risk,mental_health,educational_guide
153,Recognizing baby blues,Recognizing baby blues helps mothers understand emotional and psychological changes.,sleep disturbances,talk to family or trusted individuals,low_risk,mental_health,educational_guide
154,Seeking professional support,Seeking professional support helps mothers understand emotional and psychological changes.,sleep disturbances,join maternal support groups,low_risk,postpartum_support,educational_guide
155,Understanding postpartum depression,Understanding postpartum depression helps mothers understand emotional and psychological changes.,sleep disturbances,consult healthcare providers,low_risk,postpartum_support,educational_guide
156,Navigating emotional changes after childbirth,Navigating emotional changes after childbirth helps mothers understand emotional and psychological changes.,anxiety and panic,practice relaxation techniques,moderate_risk,pregnancy_guide,educational_guide
157,Building a support system,Building a support system helps mothers understand emotional and psychological changes.,sleep disturbances,practice relaxation techniques,high_risk,postpartum_support,educational_guide
158,Navigating emotional changes after childbirth,Navigating emotional changes after childbirth helps mothers understand emotional and psychological changes.,sleep disturbances,practice relaxation techniques,high_risk,pregnancy_guide,educational_guide
159,First months of motherhood,First months of motherhood helps mothers understand emotional and psychological changes.,anxiety and panic,consult healthcare providers,high_risk,mental_health,educational_guide
160,Navigating emotional changes after childbirth,Navigating emotional changes after childbirth helps mothers understand emotional and psychological changes.,sleep disturbances,join maternal support groups,low_risk,mental_health,educational_guide
161,Managing anxiety during pregnancy,Managing anxiety during pregnancy helps mothers understand emotional and psychological changes.,difficulty bonding with baby,practice relaxation techniques,moderate_risk,pregnancy_guide,educational_guide
162,Understanding postpartum depression,Understanding postpartum depression helps mothers understand emotional and psychological changes.,anxiety and panic,seek professional counseling,high_risk,postpartum_support,educational_guide
163,Recognizing baby blues,Recognizing baby blues helps mothers understand emotional and psychological changes.,persistent sadness,practice relaxation techniques,low_risk,pregnancy_guide,educational_guide
164,Managing anxiety during pregnancy,Managing anxiety during pregnancy helps mothers understand emotional and psychological changes.,persistent sadness,talk to family or trusted individuals,low_risk,pregnancy_guide,educational_guide
165,Understanding postpartum depression,Understanding postpartum depression helps mothers understand emotional and psychological changes.,persistent sadness,talk to family or trusted individuals,moderate_risk,postpartum_support,educational_guide
166,Mental health awareness for mothers,Mental health awareness for mothers helps mothers understand emotional and psychological changes.,anxiety and panic,join maternal support groups,high_risk,mental_health,educational_guide
167,Postpartum emotional recovery,Postpartum emotional recovery helps mothers understand emotional and psychological changes.,sleep disturbances,practice relaxation techniques,low_risk,postpartum_support,educational_guide
168,First months of motherhood,First months of motherhood helps mothers understand emotional and psychological changes.,anxiety and panic,seek professional counseling,low_risk,mental_health,educational_guide
169,Mental health awareness for mothers,Mental health awareness for mothers helps mothers understand emotional and psychological changes.,extreme fatigue,consult healthcare providers,high_risk,mental_health,educational_guide
170,Mental health awareness for mothers,Mental health awareness for mothers helps mothers understand emotional and psychological changes.,anxiety and panic,practice relaxation techniques,low_risk,pregnancy_guide,educational_guide
171,Seeking professional support,Seeking professional support helps mothers understand emotional and psychological changes.,loss of interest,seek professional counseling,low_risk,postpartum_support,educational_guide
172,Recognizing baby blues,Recognizing baby blues helps mothers understand emotional and psychological changes.,sleep disturbances,practice relaxation techniques,moderate_risk,mental_health,educational_guide
173,Mental health awareness for mothers,Mental health awareness for mothers helps mothers understand emotional and psychological changes.,loss of interest,seek professional counseling,low_risk,pregnancy_guide,educational_guide
174,Seeking professional support,Seeking professional support helps mothers understand emotional and psychological changes.,persistent sadness,join maternal support groups,high_risk,pregnancy_guide,educational_guide
175,Navigating emotional changes after childbirth,Navigating emotional changes after childbirth helps mothers understand emotional and psychological changes.,extreme fatigue,seek professional counseling,low_risk,pregnancy_guide,educational_guide
176,Navigating emotional changes after childbirth,Navigating emotional changes after childbirth helps mothers understand emotional and psychological changes.,difficulty bonding with baby,practice relaxation techniques,high_risk,postpartum_support,educational_guide
177,First months of motherhood,First months of motherhood helps mothers understand emotional and psychological changes.,sleep disturbances,consult healthcare providers,moderate_risk,postpartum_support,educational_guide
178,Navigating emotional changes after childbirth,Navigating emotional changes after childbirth helps mothers understand emotional and psychological changes.,anxiety and panic,join maternal support groups,low_risk,postpartum_support,educational_guide
179,Navigating emotional changes after childbirth,Navigating emotional changes after childbirth helps mothers understand emotional and psychological changes.,sleep disturbances,practice relaxation techniques,moderate_risk,postpartum_support,educational_guide
180,Building a support system,Building a support system helps mothers understand emotional and psychological changes.,difficulty bonding with baby,seek professional counseling,moderate_risk,mental_health,educational_guide
181,Seeking professional support,Seeking professional support helps mothers understand emotional and psychological changes.,anxiety and panic,join maternal support groups,low_risk,postpartum_support,educational_guide
182,Navigating emotional changes after childbirth,Navigating emotional changes after childbirth helps mothers understand emotional and psychological changes.,difficulty bonding with baby,seek professional counseling,moderate_risk,postpartum_support,educational_guide
183,Postpartum emotional recovery,Postpartum emotional recovery helps mothers understand emotional and psychological changes.,loss of interest,talk to family or trusted individuals,high_risk,mental_health,educational_guide
184,Understanding postpartum depression,Understanding postpartum depression helps mothers understand emotional and psychological changes.,difficulty bonding with baby,join maternal support groups,high_risk,postpartum_support,educational_guide
185,Managing anxiety during pregnancy,Managing anxiety during pregnancy helps mothers understand emotional and psychological changes.,difficulty bonding with baby,join maternal support groups,moderate_risk,pregnancy_guide,educational_guide
186,First months of motherhood,First months of motherhood helps mothers understand emotional and psychological changes.,persistent sadness,join maternal support groups,high_risk,mental_health,educational_guide
187,Adapting to motherhood,Adapting to motherhood helps mothers understand emotional and psychological changes.,sleep disturbances,join maternal support groups,high_risk,mental_health,educational_guide
188,Building a support system,Building a support system helps mothers understand emotional and psychological changes.,difficulty bonding with baby,consult healthcare providers,moderate_risk,mental_health,educational_guide
189,Postpartum emotional recovery,Postpartum emotional recovery helps mothers understand emotional and psychological changes.,sleep disturbances,join maternal support groups,low_risk,pregnancy_guide,educational_guide
190,First months of motherhood,First months of motherhood helps mothers understand emotional and psychological changes.,difficulty bonding with baby,seek professional counseling,moderate_risk,pregnancy_guide,educational_guide
191,Mental health awareness for mothers,Mental health awareness for mothers helps mothers understand emotional and psychological changes.,difficulty bonding with baby,consult healthcare providers,moderate_risk,mental_health,educational_guide
192,Navigating emotional changes after childbirth,Navigating emotional changes after childbirth helps mothers understand emotional and psychological changes.,extreme fatigue,practice relaxation techniques,low_risk,postpartum_support,educational_guide
193,Navigating emotional changes after childbirth,Navigating emotional changes after childbirth helps mothers understand emotional and psychological changes.,extreme fatigue,seek professional counseling,high_risk,mental_health,educational_guide
194,Navigating emotional changes after childbirth,Navigating emotional changes after childbirth helps mothers understand emotional and psychological changes.,persistent sadness,consult healthcare providers,moderate_risk,mental_health,educational_guide
195,Mental health awareness for mothers,Mental health awareness for mothers helps mothers understand emotional and psychological changes.,persistent sadness,join maternal support groups,high_risk,postpartum_support,educational_guide
196,Seeking professional support,Seeking professional support helps mothers understand emotional and psychological changes.,difficulty bonding with baby,join maternal support groups,high_risk,mental_health,educational_guide
197,Adapting to motherhood,Adapting to motherhood helps mothers understand emotional and psychological changes.,sleep disturbances,join maternal support groups,high_risk,postpartum_support,educational_guide
198,Navigating emotional changes after childbirth,Navigating emotional changes after childbirth helps mothers understand emotional and psychological changes.,anxiety and panic,consult healthcare providers,low_risk,postpartum_support,educational_guide
199,Recognizing baby blues,Recognizing baby blues helps mothers understand emotional and psychological changes.,anxiety and panic,talk to family or trusted individuals,low_risk,pregnancy_guide,educational_guide
200,Postpartum emotional recovery,Postpartum emotional recovery helps mothers understand emotional and psychological changes.,loss of interest,practice relaxation techniques,high_risk,mental_health,educational_guide
201,Adapting to motherhood,Adapting to motherhood helps mothers understand emotional and psychological changes.,extreme fatigue,talk to family or trusted individuals,high_risk,postpartum_support,educational_guide
202,Adapting to motherhood,Adapting to motherhood helps mothers understand emotional and psychological changes.,persistent sadness,seek professional counseling,low_risk,mental_health,educational_guide
203,Adapting to motherhood,Adapting to motherhood helps mothers understand emotional and psychological changes.,difficulty bonding with baby,practice relaxation techniques,moderate_risk,pregnancy_guide,educational_guide
204,Recognizing baby blues,Recognizing baby blues helps mothers understand emotional and psychological changes.,loss of interest,talk to family or trusted individuals,moderate_risk,postpartum_support,educational_guide
205,Mental health awareness for mothers,Mental health awareness for mothers helps mothers understand emotional and psychological changes.,anxiety and panic,seek professional counseling,high_risk,postpartum_support,educational_guide
206,Building a support system,Building a support system helps mothers understand emotional and psychological changes.,extreme fatigue,seek professional counseling,high_risk,postpartum_support,educational_guide
207,Building a support system,Building a support system helps mothers understand emotional and psychological changes.,loss of interest,join maternal support groups,low_risk,postpartum_support,educational_guide
208,Mental health awareness for mothers,Mental health awareness for mothers helps mothers understand emotional and psychological changes.,difficulty bonding with baby,seek professional counseling,moderate_risk,mental_health,educational_guide
209,Seeking professional support,Seeking professional support helps mothers understand emotional and psychological changes.,difficulty bonding with baby,seek professional counseling,moderate_risk,postpartum_support,educational_guide
210,First months of motherhood,First months of motherhood helps mothers understand emotional and psychological changes.,persistent sadness,practice relaxation techniques,moderate_risk,pregnancy_guide,educational_guide
211,First months of motherhood,First months of motherhood helps mothers understand emotional and psychological changes.,sleep disturbances,join maternal support groups,low_risk,mental_health,educational_guide
212,Mental health awareness for mothers,Mental health awareness for mothers helps mothers understand emotional and psychological changes.,anxiety and panic,practice relaxation techniques,low_risk,mental_health,educational_guide
213,Building a support system,Building a support system helps mothers understand emotional and psychological changes.,anxiety and panic,talk to family or trusted individuals,moderate_risk,pregnancy_guide,educational_guide
214,Understanding postpartum depression,Understanding postpartum depression helps mothers understand emotional and psychological changes.,anxiety and panic,talk to family or trusted individuals,moderate_risk,pregnancy_guide,educational_guide
215,Understanding postpartum depression,Understanding postpartum depression helps mothers understand emotional and psychological changes.,loss of interest,seek professional counseling,high_risk,postpartum_support,educational_guide
216,Navigating emotional changes after childbirth,Navigating emotional changes after childbirth helps mothers understand emotional and psychological changes.,loss of interest,consult healthcare providers,moderate_risk,pregnancy_guide,educational_guide
217,Seeking professional support,Seeking professional support helps mothers understand emotional and psychological changes.,anxiety and panic,seek professional counseling,low_risk,postpartum_support,educational_guide
218,Managing anxiety during pregnancy,Managing anxiety during pregnancy helps mothers understand emotional and psychological changes.,extreme fatigue,seek professional counseling,high_risk,mental_health,educational_guide
219,Recognizing baby blues,Recognizing baby blues helps mothers understand emotional and psychological changes.,anxiety and panic,seek professional counseling,high_risk,pregnancy_guide,educational_guide
220,Building a support system,Building a support system helps mothers understand emotional and psychological changes.,difficulty bonding with baby,talk to family or trusted individuals,moderate_risk,mental_health,educational_guide
221,Seeking professional support,Seeking professional support helps mothers understand emotional and psychological changes.,sleep disturbances,consult healthcare providers,low_risk,mental_health,educational_guide
222,Understanding postpartum depression,Understanding postpartum depression helps mothers understand emotional and psychological changes.,extreme fatigue,talk to family or trusted individuals,low_risk,mental_health,educational_guide
223,First months of motherhood,First months of motherhood helps mothers understand emotional and psychological changes.,anxiety and panic,practice relaxation techniques,low_risk,postpartum_support,educational_guide
224,Navigating emotional changes after childbirth,Navigating emotional changes after childbirth helps mothers understand emotional and psychological changes.,sleep disturbances,seek professional counseling,low_risk,pregnancy_guide,educational_guide
225,Adapting to motherhood,Adapting to motherhood helps mothers understand emotional and psychological changes.,persistent sadness,talk to family or trusted individuals,moderate_risk,mental_health,educational_guide
226,Seeking professional support,Seeking professional support helps mothers understand emotional and psychological changes.,extreme fatigue,practice relaxation techniques,moderate_risk,mental_health,educational_guide
227,Managing anxiety during pregnancy,Managing anxiety during pregnancy helps mothers understand emotional and psychological changes.,sleep disturbances,seek professional counseling,low_risk,pregnancy_guide,educational_guide
228,Building a support system,Building a support system helps mothers understand emotional and psychological changes.,difficulty bonding with baby,join maternal support groups,low_risk,mental_health,educational_guide
229,Building a support system,Building a support system helps mothers understand emotional and psychological changes.,sleep disturbances,seek professional counseling,moderate_risk,postpartum_support,educational_guide
230,Recognizing baby blues,Recognizing baby blues helps mothers understand emotional and psychological changes.,difficulty bonding with baby,seek professional counseling,moderate_risk,postpartum_support,educational_guide
231,Recognizing baby blues,Recognizing baby blues helps mothers understand emotional and psychological changes.,difficulty bonding with baby,consult healthcare providers,moderate_risk,mental_health,educational_guide
232,Recognizing baby blues,Recognizing baby blues helps mothers understand emotional and psychological changes.,extreme fatigue,consult healthcare providers,moderate_risk,pregnancy_guide,educational_guide
233,Postpartum emotional recovery,Postpartum emotional recovery helps mothers understand emotional and psychological changes.,sleep disturbances,join maternal support groups,high_risk,mental_health,educational_guide
234,Seeking professional support,Seeking professional support helps mothers understand emotional and psychological changes.,extreme fatigue,consult healthcare providers,high_risk,mental_health,educational_guide
235,Navigating emotional changes after childbirth,Navigating emotional changes after childbirth helps mothers understand emotional and psychological changes.,anxiety and panic,join maternal support groups,moderate_risk,postpartum_support,educational_guide
236,Adapting to motherhood,Adapting to motherhood helps mothers understand emotional and psychological changes.,persistent sadness,talk to family or trusted individuals,low_risk,mental_health,educational_guide
237,Managing anxiety during pregnancy,Managing anxiety during pregnancy helps mothers understand emotional and psychological changes.,sleep disturbances,seek professional counseling,low_risk,postpartum_support,educational_guide
238,Mental health awareness for mothers,Mental health awareness for mothers helps mothers understand emotional and psychological changes.,sleep disturbances,talk to family or trusted individuals,high_risk,postpartum_support,educational_guide
239,Postpartum emotional recovery,Postpartum emotional recovery helps mothers understand emotional and psychological changes.,anxiety and panic,seek professional counseling,moderate_risk,postpartum_support,educational_guide
240,Navigating emotional changes after childbirth,Navigating emotional changes after childbirth helps mothers understand emotional and psychological changes.,anxiety and panic,consult healthcare providers,moderate_risk,mental_health,educational_guide
241,Building a support system,Building a support system helps mothers understand emotional and psychological changes.,loss of interest,talk to family or trusted individuals,moderate_risk,mental_health,educational_guide
242,Navigating emotional changes after childbirth,Navigating emotional changes after childbirth helps mothers understand emotional and psychological changes.,anxiety and panic,consult healthcare providers,moderate_risk,mental_health,educational_guide
243,Postpartum emotional recovery,Postpartum emotional recovery helps mothers understand emotional and psychological changes.,persistent sadness,seek professional counseling,high_risk,mental_health,educational_guide
244,Building a support system,Building a support system helps mothers understand emotional and psychological changes.,sleep disturbances,talk to family or trusted individuals,moderate_risk,postpartum_support,educational_guide
245,Seeking professional support,Seeking professional support helps mothers understand emotional and psychological changes.,persistent sadness,join maternal support groups,high_risk,mental_health,educational_guide
246,Building a support system,Building a support system helps mothers understand emotional and psychological changes.,sleep disturbances,seek professional counseling,high_risk,postpartum_support,educational_guide
247,First months of motherhood,First months of motherhood helps mothers understand emotional and psychological changes.,persistent sadness,talk to family or trusted individuals,low_risk,postpartum_support,educational_guide
248,Recognizing baby blues,Recognizing baby blues helps mothers understand emotional and psychological changes.,persistent sadness,consult healthcare providers,moderate_risk,postpartum_support,educational_guide
249,Understanding postpartum depression,Understanding postpartum depression helps mothers understand emotional and psychological changes.,extreme fatigue,consult healthcare providers,moderate_risk,mental_health,educational_guide
250,Building a support system,Building a support system helps mothers understand emotional and psychological changes.,difficulty bonding with baby,talk to family or trusted individuals,high_risk,mental_health,educational_guide
251,Navigating emotional changes after childbirth,Navigating emotional changes after childbirth helps mothers understand emotional and psychological changes.,anxiety and panic,seek professional counseling,high_risk,pregnancy_guide,educational_guide
252,Seeking professional support,Seeking professional support helps mothers understand emotional and psychological changes.,sleep disturbances,join maternal support groups,low_risk,postpartum_support,educational_guide
253,Recognizing baby blues,Recognizing baby blues helps mothers understand emotional and psychological changes.,sleep disturbances,talk to family or trusted individuals,high_risk,postpartum_support,educational_guide
254,Building a support system,Building a support system helps mothers understand emotional and psychological changes.,anxiety and panic,consult healthcare providers,high_risk,postpartum_support,educational_guide
255,Adapting to motherhood,Adapting to motherhood helps mothers understand emotional and psychological changes.,difficulty bonding with baby,talk to family or trusted individuals,moderate_risk,pregnancy_guide,educational_guide
256,Managing anxiety during pregnancy,Managing anxiety during pregnancy helps mothers understand emotional and psychological changes.,loss of interest,practice relaxation techniques,moderate_risk,postpartum_support,educational_guide
257,Building a support system,Building a support system helps mothers understand emotional and psychological changes.,loss of interest,practice relaxation techniques,low_risk,mental_health,educational_guide
258,Postpartum emotional recovery,Postpartum emotional recovery helps mothers understand emotional and psychological changes.,anxiety and panic,seek professional counseling,low_risk,pregnancy_guide,educational_guide
259,Building a support system,Building a support system helps mothers understand emotional and psychological changes.,sleep disturbances,practice relaxation techniques,high_risk,pregnancy_guide,educational_guide
260,First months of motherhood,First months of motherhood helps mothers understand emotional and psychological changes.,extreme fatigue,seek professional counseling,moderate_risk,mental_health,educational_guide
261,Managing anxiety during pregnancy,Managing anxiety during pregnancy helps mothers understand emotional and psychological changes.,difficulty bonding with baby,seek professional counseling,high_risk,pregnancy_guide,educational_guide
262,Postpartum emotional recovery,Postpartum emotional recovery helps mothers understand emotional and psychological changes.,difficulty bonding with baby,join maternal support groups,low_risk,mental_health,educational_guide
263,Managing anxiety during pregnancy,Managing anxiety during pregnancy helps mothers understand emotional and psychological changes.,loss of interest,consult healthcare providers,low_risk,pregnancy_guide,educational_guide
264,Recognizing baby blues,Recognizing baby blues helps mothers understand emotional and psychological changes.,loss of interest,join maternal support groups,low_risk,pregnancy_guide,educational_guide
265,First months of motherhood,First months of motherhood helps mothers understand emotional and psychological changes.,persistent sadness,seek professional counseling,low_risk,postpartum_support,educational_guide
266,Understanding postpartum depression,Understanding postpartum depression helps mothers understand emotional and psychological changes.,extreme fatigue,seek professional counseling,high_risk,pregnancy_guide,educational_guide
267,Understanding postpartum depression,Understanding postpartum depression helps mothers understand emotional and psychological changes.,difficulty bonding with baby,practice relaxation techniques,high_risk,pregnancy_guide,educational_guide
268,Navigating emotional changes after childbirth,Navigating emotional changes after childbirth helps mothers understand emotional and psychological changes.,difficulty bonding with baby,join maternal support groups,high_risk,pregnancy_guide,educational_guide
269,Seeking professional support,Seeking professional support helps mothers understand emotional and psychological changes.,sleep disturbances,talk to family or trusted individuals,moderate_risk,pregnancy_guide,educational_guide
270,Postpartum emotional recovery,Postpartum emotional recovery helps mothers understand emotional and psychological changes.,sleep disturbances,join maternal support groups,high_risk,mental_health,educational_guide
271,Mental health awareness for mothers,Mental health awareness for mothers helps mothers understand emotional and psychological changes.,loss of interest,practice relaxation techniques,low_risk,mental_health,educational_guide
272,Adapting to motherhood,Adapting to motherhood helps mothers understand emotional and psychological changes.,anxiety and panic,consult healthcare providers,low_risk,mental_health,educational_guide
273,First months of motherhood,First months of motherhood helps mothers understand emotional and psychological changes.,extreme fatigue,practice relaxation techniques,moderate_risk,mental_health,educational_guide
274,Building a support system,Building a support system helps mothers understand emotional and psychological changes.,loss of interest,seek professional counseling,moderate_risk,pregnancy_guide,educational_guide
275,Recognizing baby blues,Recognizing baby blues helps mothers understand emotional and psychological changes.,sleep disturbances,seek professional counseling,low_risk,pregnancy_guide,educational_guide
276,Building a support system,Building a support system helps mothers understand emotional and psychological changes.,anxiety and panic,consult healthcare providers,moderate_risk,postpartum_support,educational_guide
277,Postpartum emotional recovery,Postpartum emotional recovery helps mothers understand emotional and psychological changes.,extreme fatigue,join maternal support groups,moderate_risk,mental_health,educational_guide
278,Building a support system,Building a support system helps mothers understand emotional and psychological changes.,extreme fatigue,practice relaxation techniques,low_risk,postpartum_support,educational_guide
279,Mental health awareness for mothers,Mental health awareness for mothers helps mothers understand emotional and psychological changes.,extreme fatigue,join maternal support groups,moderate_risk,pregnancy_guide,educational_guide
280,Adapting to motherhood,Adapting to motherhood helps mothers understand emotional and psychological changes.,extreme fatigue,seek professional counseling,low_risk,pregnancy_guide,educational_guide
281,Mental health awareness for mothers,Mental health awareness for mothers helps mothers understand emotional and psychological changes.,sleep disturbances,join maternal support groups,moderate_risk,mental_health,educational_guide
282,Navigating emotional changes after childbirth,Navigating emotional changes after childbirth helps mothers understand emotional and psychological changes.,difficulty bonding with baby,talk to family or trusted individuals,low_risk,pregnancy_guide,educational_guide
283,First months of motherhood,First months of motherhood helps mothers understand emotional and psychological changes.,persistent sadness,consult healthcare providers,moderate_risk,postpartum_support,educational_guide
284,Building a support system,Building a support system helps mothers understand emotional and psychological changes.,difficulty bonding with baby,talk to family or trusted individuals,low_risk,pregnancy_guide,educational_guide
285,Seeking professional support,Seeking professional support helps mothers understand emotional and psychological changes.,persistent sadness,practice relaxation techniques,low_risk,mental_health,educational_guide
286,Seeking professional support,Seeking professional support helps mothers understand emotional and psychological changes.,anxiety and panic,seek professional counseling,low_risk,mental_health,educational_guide
287,Navigating emotional changes after childbirth,Navigating emotional changes after childbirth helps mothers understand emotional and psychological changes.,extreme fatigue,consult healthcare providers,high_risk,pregnancy_guide,educational_guide
288,Recognizing baby blues,Recognizing baby blues helps mothers understand emotional and psychological changes.,persistent sadness,join maternal support groups,low_risk,pregnancy_guide,educational_guide
289,Understanding postpartum depression,Understanding postpartum depression helps mothers understand emotional and psychological changes.,difficulty bonding with baby,talk to family or trusted individuals,low_risk,mental_health,educational_guide
290,Navigating emotional changes after childbirth,Navigating emotional changes after childbirth helps mothers understand emotional and psychological changes.,extreme fatigue,talk to family or trusted individuals,moderate_risk,mental_health,educational_guide
291,First months of motherhood,First months of motherhood helps mothers understand emotional and psychological changes.,anxiety and panic,talk to family or trusted individuals,low_risk,mental_health,educational_guide
292,Mental health awareness for mothers,Mental health awareness for mothers helps mothers understand emotional and psychological changes.,difficulty bonding with baby,practice relaxation techniques,low_risk,pregnancy_guide,educational_guide
293,Postpartum emotional recovery,Postpartum emotional recovery helps mothers understand emotional and psychological changes.,extreme fatigue,seek professional counseling,low_risk,mental_health,educational_guide
294,Adapting to motherhood,Adapting to motherhood helps mothers understand emotional and psychological changes.,difficulty bonding with baby,consult healthcare providers,high_risk,pregnancy_guide,educational_guide
295,Seeking professional support,Seeking professional support helps mothers understand emotional and psychological changes.,persistent sadness,join maternal support groups,moderate_risk,pregnancy_guide,educational_guide
296,Managing anxiety during pregnancy,Managing anxiety during pregnancy helps mothers understand emotional and psychological changes.,anxiety and panic,talk to family or trusted individuals,high_risk,postpartum_support,educational_guide
297,Building a support system,Building a support system helps mothers understand emotional and psychological changes.,loss of interest,talk to family or trusted individuals,moderate_risk,mental_health,educational_guide
298,Understanding postpartum depression,Understanding postpartum depression helps mothers understand emotional and psychological changes.,loss of interest,talk to family or trusted individuals,moderate_risk,pregnancy_guide,educational_guide
299,Adapting to motherhood,Adapting to motherhood helps mothers understand emotional and psychological changes.,persistent sadness,consult healthcare providers,high_risk,mental_health,educational_guide
300,Postpartum emotional recovery,Postpartum emotional recovery helps mothers understand emotional and psychological changes.,sleep disturbances,seek professional counseling,low_risk,mental_health,educational_guide
301,Postpartum emotional recovery,Postpartum emotional recovery helps mothers understand emotional and psychological changes.,persistent sadness,seek professional counseling,low_risk,mental_health,educational_guide
302,Seeking professional support,Seeking professional support helps mothers understand emotional and psychological changes.,difficulty bonding with baby,join maternal support groups,low_risk,pregnancy_guide,educational_guide
303,Postpartum emotional recovery,Postpartum emotional recovery helps mothers understand emotional and psychological changes.,extreme fatigue,practice relaxation techniques,high_risk,pregnancy_guide,educational_guide
304,Managing anxiety during pregnancy,Managing anxiety during pregnancy helps mothers understand emotional and psychological changes.,extreme fatigue,seek professional counseling,moderate_risk,pregnancy_guide,educational_guide
305,Building a support system,Building a support system helps mothers understand emotional and psychological changes.,extreme fatigue,seek professional counseling,moderate_risk,pregnancy_guide,educational_guide
306,Understanding postpartum depression,Understanding postpartum depression helps mothers understand emotional and psychological changes.,persistent sadness,join maternal support groups,high_risk,mental_health,educational_guide
307,Postpartum emotional recovery,Postpartum emotional recovery helps mothers understand emotional and psychological changes.,extreme fatigue,practice relaxation techniques,high_risk,mental_health,educational_guide
308,Building a support system,Building a support system helps mothers understand emotional and psychological changes.,difficulty bonding with baby,practice relaxation techniques,low_risk,pregnancy_guide,educational_guide
309,Mental health awareness for mothers,Mental health awareness for mothers helps mothers understand emotional and psychological changes.,persistent sadness,practice relaxation techniques,high_risk,pregnancy_guide,educational_guide
310,Managing anxiety during pregnancy,Managing anxiety during pregnancy helps mothers understand emotional and psychological changes.,sleep disturbances,seek professional counseling,high_risk,postpartum_support,educational_guide
311,Seeking professional support,Seeking professional support helps mothers understand emotional and psychological changes.,extreme fatigue,practice relaxation techniques,low_risk,postpartum_support,educational_guide
312,Recognizing baby blues,Recognizing baby blues helps mothers understand emotional and psychological changes.,persistent sadness,consult healthcare providers,moderate_risk,mental_health,educational_guide
313,Managing anxiety during pregnancy,Managing anxiety during pregnancy helps mothers understand emotional and psychological changes.,anxiety and panic,seek professional counseling,low_risk,mental_health,educational_guide
314,Managing anxiety during pregnancy,Managing anxiety during pregnancy helps mothers understand emotional and psychological changes.,persistent sadness,practice relaxation techniques,high_risk,mental_health,educational_guide
315,Building a support system,Building a support system helps mothers understand emotional and psychological changes.,sleep disturbances,seek professional counseling,moderate_risk,mental_health,educational_guide
316,Postpartum emotional recovery,Postpartum emotional recovery helps mothers understand emotional and psychological changes.,anxiety and panic,join maternal support groups,moderate_risk,pregnancy_guide,educational_guide
317,Building a support system,Building a support system helps mothers understand emotional and psychological changes.,loss of interest,talk to family or trusted individuals,high_risk,postpartum_support,educational_guide
318,Managing anxiety during pregnancy,Managing anxiety during pregnancy helps mothers understand emotional and psychological changes.,sleep disturbances,seek professional counseling,high_risk,pregnancy_guide,educational_guide
319,Adapting to motherhood,Adapting to motherhood helps mothers understand emotional and psychological changes.,extreme fatigue,seek professional counseling,moderate_risk,mental_health,educational_guide
320,Mental health awareness for mothers,Mental health awareness for mothers helps mothers understand emotional and psychological changes.,sleep disturbances,consult healthcare providers,low_risk,postpartum_support,educational_guide
321,Navigating emotional changes after childbirth,Navigating emotional changes after childbirth helps mothers understand emotional and psychological changes.,persistent sadness,consult healthcare providers,moderate_risk,pregnancy_guide,educational_guide
322,Adapting to motherhood,Adapting to motherhood helps mothers understand emotional and psychological changes.,sleep disturbances,seek professional counseling,high_risk,postpartum_support,educational_guide
323,Recognizing baby blues,Recognizing baby blues helps mothers understand emotional and psychological changes.,anxiety and panic,talk to family or trusted individuals,low_risk,pregnancy_guide,educational_guide
324,Mental health awareness for mothers,Mental health awareness for mothers helps mothers understand emotional and psychological changes.,anxiety and panic,consult healthcare providers,low_risk,mental_health,educational_guide
325,Managing anxiety during pregnancy,Managing anxiety during pregnancy helps mothers understand emotional and psychological changes.,sleep disturbances,practice relaxation techniques,high_risk,postpartum_support,educational_guide
326,Building a support system,Building a support system helps mothers understand emotional and psychological changes.,loss of interest,practice relaxation techniques,moderate_risk,postpartum_support,educational_guide
327,Managing anxiety during pregnancy,Managing anxiety during pregnancy helps mothers understand emotional and psychological changes.,extreme fatigue,seek professional counseling,moderate_risk,postpartum_support,educational_guide
328,Managing anxiety during pregnancy,Managing anxiety during pregnancy helps mothers understand emotional and psychological changes.,difficulty bonding with baby,talk to family or trusted individuals,moderate_risk,postpartum_support,educational_guide
329,Understanding postpartum depression,Understanding postpartum depression helps mothers understand emotional and psychological changes.,extreme fatigue,seek professional counseling,high_risk,postpartum_support,educational_guide
330,Recognizing baby blues,Recognizing baby blues helps mothers understand emotional and psychological changes.,extreme fatigue,join maternal support groups,low_risk,pregnancy_guide,educational_guide
331,First months of motherhood,First months of motherhood helps mothers understand emotional and psychological changes.,difficulty bonding with baby,seek professional counseling,moderate_risk,pregnancy_guide,educational_guide
332,Understanding postpartum depression,Understanding postpartum depression helps mothers understand emotional and psychological changes.,extreme fatigue,practice relaxation techniques,moderate_risk,pregnancy_guide,educational_guide
333,Mental health awareness for mothers,Mental health awareness for mothers helps mothers understand emotional and psychological changes.,extreme fatigue,consult healthcare providers,low_risk,pregnancy_guide,educational_guide
334,Understanding postpartum depression,Understanding postpartum depression helps mothers understand emotional and psychological changes.,loss of interest,seek professional counseling,low_risk,pregnancy_guide,educational_guide
335,Recognizing baby blues,Recognizing baby blues helps mothers understand emotional and psychological changes.,loss of interest,talk to family or trusted individuals,low_risk,postpartum_support,educational_guide
336,Adapting to motherhood,Adapting to motherhood helps mothers understand emotional and psychological changes.,extreme fatigue,consult healthcare providers,high_risk,mental_health,educational_guide
337,Recognizing baby blues,Recognizing baby blues helps mothers understand emotional and psychological changes.,difficulty bonding with baby,consult healthcare providers,moderate_risk,postpartum_support,educational_guide
338,Building a support system,Building a support system helps mothers understand emotional and psychological changes.,loss of interest,practice relaxation techniques,moderate_risk,pregnancy_guide,educational_guide
339,Seeking professional support,Seeking professional support helps mothers understand emotional and psychological changes.,sleep disturbances,practice relaxation techniques,moderate_risk,postpartum_support,educational_guide
340,Adapting to motherhood,Adapting to motherhood helps mothers understand emotional and psychological changes.,loss of interest,consult healthcare providers,moderate_risk,pregnancy_guide,educational_guide
341,Recognizing baby blues,Recognizing baby blues helps mothers understand emotional and psychological changes.,sleep disturbances,seek professional counseling,moderate_risk,pregnancy_guide,educational_guide
342,Adapting to motherhood,Adapting to motherhood helps mothers understand emotional and psychological changes.,loss of interest,practice relaxation techniques,moderate_risk,mental_health,educational_guide
343,Postpartum emotional recovery,Postpartum emotional recovery helps mothers understand emotional and psychological changes.,difficulty bonding with baby,practice relaxation techniques,low_risk,mental_health,educational_guide
344,Seeking professional support,Seeking professional support helps mothers understand emotional and psychological changes.,loss of interest,practice relaxation techniques,high_risk,postpartum_support,educational_guide
345,Recognizing baby blues,Recognizing baby blues helps mothers understand emotional and psychological changes.,loss of interest,join maternal support groups,low_risk,postpartum_support,educational_guide
346,Building a support system,Building a support system helps mothers understand emotional and psychological changes.,loss of interest,practice relaxation techniques,low_risk,mental_health,educational_guide
347,Postpartum emotional recovery,Postpartum emotional recovery helps mothers understand emotional and psychological changes.,sleep disturbances,seek professional counseling,moderate_risk,pregnancy_guide,educational_guide
348,Seeking professional support,Seeking professional support helps mothers understand emotional and psychological changes.,extreme fatigue,talk to family or trusted individuals,high_risk,mental_health,educational_guide
349,Adapting to motherhood,Adapting to motherhood helps mothers understand emotional and psychological changes.,persistent sadness,join maternal support groups,low_risk,pregnancy_guide,educational_guide
350,Understanding postpartum depression,Understanding postpartum depression helps mothers understand emotional and psychological changes.,extreme fatigue,join maternal support groups,high_risk,mental_health,educational_guide
