id,title,tip_summary,recommended_action,expected_benefit,difficulty_level,audience,content_type
1,Healthy sleep habits for mothers,Experts recommend to practice light physical exercise like walking during pregnancy and postpartum stages.,practice light physical exercise like walking,enhances emotional well-being,easy,all_women,expert_tip
2,Building healthy daily routines,Experts recommend to stay hydrated throughout the day during pregnancy and postpartum stages.,stay hydrated throughout the day,improves maternal health,easy,new_mothers,expert_tip
3,Building healthy daily routines,Experts recommend to practice light physical exercise like walking during pregnancy and postpartum stages.,practice light physical exercise like walking,improves recovery after childbirth,easy,new_mothers,expert_tip
4,Healthy sleep habits for mothers,Experts recommend to maintain a consistent daily routine during pregnancy and postpartum stages.,maintain a consistent daily routine,improves recovery after childbirth,moderate,pregnant_women,expert_tip
5,Healthy sleep habits for mothers,Experts recommend to maintain a consistent daily routine during pregnancy and postpartum stages.,maintain a consistent daily routine,improves recovery after childbirth,moderate,pregnant_women,expert_tip
6,Breastfeeding practices,Experts recommend to get adequate sleep and rest during pregnancy and postpartum stages.,get adequate sleep and rest,supports infant development,moderate,all_women,expert_tip
7,Managing fatigue in pregnancy,Experts recommend to maintain balanced nutrition with iron and protein during pregnancy and postpartum stages.,maintain balanced nutrition with iron and protein,improves recovery after childbirth,moderate,pregnant_women,expert_tip
8,Healthy sleep habits for mothers,Experts recommend to stay hydrated throughout the day during pregnancy and postpartum stages.,stay hydrated throughout the day,supports infant development,easy,pregnant_women,expert_tip
9,Building healthy daily routines,Experts recommend to maintain a consistent daily routine during pregnancy and postpartum stages.,maintain a consistent daily routine,improves recovery after childbirth,moderate,all_women,expert_tip
10,Managing fatigue in pregnancy,Experts recommend to stay hydrated throughout the day during pregnancy and postpartum stages.,stay hydrated throughout the day,enhances emotional well-being,easy,new_mothers,expert_tip
11,Healthy sleep habits for mothers,Experts recommend to get adequate sleep and rest during pregnancy and postpartum stages.,get adequate sleep and rest,enhances emotional well-being,easy,new_mothers,expert_tip
12,Hydration during pregnancy,Experts recommend to maintain balanced nutrition with iron and protein during pregnancy and postpartum stages.,maintain balanced nutrition with iron and protein,improves recovery after childbirth,moderate,pregnant_women,expert_tip
13,Building healthy daily routines,Experts recommend to get adequate sleep and rest during pregnancy and postpartum stages.,get adequate sleep and rest,supports infant development,moderate,pregnant_women,expert_tip
14,Breastfeeding practices,Experts recommend to maintain balanced nutrition with iron and protein during pregnancy and postpartum stages.,maintain balanced nutrition with iron and protein,improves recovery after childbirth,moderate,all_women,expert_tip
15,Building healthy daily routines,Experts recommend to practice light physical exercise like walking during pregnancy and postpartum stages.,practice light physical exercise like walking,enhances emotional well-being,easy,pregnant_women,expert_tip
16,Nutrition during pregnancy,Experts recommend to practice light physical exercise like walking during pregnancy and postpartum stages.,practice light physical exercise like walking,improves maternal health,moderate,new_mothers,expert_tip
17,Managing fatigue in pregnancy,Experts recommend to get adequate sleep and rest during pregnancy and postpartum stages.,get adequate sleep and rest,improves recovery after childbirth,easy,all_women,expert_tip
18,Exercise for pregnant women,Experts recommend to seek emotional support from family during pregnancy and postpartum stages.,seek emotional support from family,enhances emotional well-being,easy,new_mothers,expert_tip
19,Breastfeeding practices,Experts recommend to seek emotional support from family during pregnancy and postpartum stages.,seek emotional support from family,reduces stress levels,easy,all_women,expert_tip
20,Postpartum recovery routines,Experts recommend to stay hydrated throughout the day during pregnancy and postpartum stages.,stay hydrated throughout the day,enhances emotional well-being,moderate,pregnant_women,expert_tip
21,Emotional wellness during pregnancy,Experts recommend to maintain balanced nutrition with iron and protein during pregnancy and postpartum stages.,maintain balanced nutrition with iron and protein,supports infant development,moderate,pregnant_women,expert_tip
22,Healthy sleep habits for mothers,Experts recommend to maintain balanced nutrition with iron and protein during pregnancy and postpartum stages.,maintain balanced nutrition with iron and protein,improves maternal health,moderate,new_mothers,expert_tip
23,Hydration during pregnancy,Experts recommend to get adequate sleep and rest during pregnancy and postpartum stages.,get adequate sleep and rest,improves recovery after childbirth,moderate,all_women,expert_tip
24,Managing fatigue in pregnancy,Experts recommend to maintain a consistent daily routine during pregnancy and postpartum stages.,maintain a consistent daily routine,improves maternal health,easy,new_mothers,expert_tip
25,Hydration during pregnancy,Experts recommend to practice light physical exercise like walking during pregnancy and postpartum stages.,practice light physical exercise like walking,reduces stress levels,easy,new_mothers,expert_tip
26,Breastfeeding practices,Experts recommend to practice light physical exercise like walking during pregnancy and postpartum stages.,practice light physical exercise like walking,enhances emotional well-being,easy,pregnant_women,expert_tip
27,Emotional wellness during pregnancy,Experts recommend to stay hydrated throughout the day during pregnancy and postpartum stages.,stay hydrated throughout the day,improves maternal health,easy,all_women,expert_tip
28,Healthy sleep habits for mothers,Experts recommend to practice light physical exercise like walking during pregnancy and postpartum stages.,practice light physical exercise like walking,improves recovery after childbirth,moderate,new_mothers,expert_tip
29,Nutrition during pregnancy,Experts recommend to seek emotional support from family during pregnancy and postpartum stages.,seek emotional support from family,enhances emotional well-being,moderate,all_women,expert_tip
30,Exercise for pregnant women,Experts recommend to get adequate sleep and rest during pregnancy and postpartum stages.,get adequate sleep and rest,supports infant development,easy,all_women,expert_tip
31,Hydration during pregnancy,Experts recommend to stay hydrated throughout the day during pregnancy and postpartum stages.,stay hydrated throughout the day,supports infant development,moderate,pregnant_women,expert_tip
32,Breastfeeding practices,Experts recommend to get adequate sleep and rest during pregnancy and postpartum stages.,get adequate sleep and rest,reduces stress levels,easy,new_mothers,expert_tip
33,Building healthy daily routines,Experts recommend to maintain balanced nutrition with iron and protein during pregnancy and postpartum stages.,maintain balanced nutrition with iron and protein,improves recovery after childbirth,moderate,pregnant_women,expert_tip
34,Managing fatigue in pregnancy,Experts recommend to practice light physical exercise like walking during pregnancy and postpartum stages.,practice light physical exercise like walking,enhances emotional well-being,moderate,pregnant_women,expert_tip
35,Managing fatigue in pregnancy,Experts recommend to practice light physical exercise like walking during pregnancy and postpartum stages.,practice light physical exercise like walking,improves recovery after childbirth,easy,pregnant_women,expert_tip
36,Breastfeeding practices,Experts recommend to seek emotional support from family during pregnancy and postpartum stages.,seek emotional support from family,improves maternal health,moderate,all_women,expert_tip
37,Managing fatigue in pregnancy,Experts recommend to seek emotional support from family during pregnancy and postpartum stages.,seek emotional support from family,supports infant development,moderate,new_mothers,expert_tip
38,Breastfeeding practices,Experts recommend to stay hydrated throughout the day during pregnancy and postpartum stages.,stay hydrated throughout the day,improves recovery after childbirth,moderate,new_mothers,expert_tip
39,Breastfeeding practices,Experts recommend to practice light physical exercise like walking during pregnancy and postpartum stages.,practice light physical exercise like walking,reduces stress levels,easy,new_mothers,expert_tip
40,Managing fatigue in pregnancy,Experts recommend to stay hydrated throughout the day during pregnancy and postpartum stages.,stay hydrated throughout the day,improves maternal health,easy,pregnant_women,expert_tip
41,Infant bonding techniques,Experts recommend to maintain balanced nutrition with iron and protein during pregnancy and postpartum stages.,maintain balanced nutrition with iron and protein,supports infant development,moderate,new_mothers,expert_tip
42,Postpartum recovery routines,Experts recommend to maintain balanced nutrition with iron and protein during pregnancy and postpartum stages.,maintain balanced nutrition with iron and protein,enhances emotional well-being,easy,all_women,expert_tip
43,Healthy sleep habits for mothers,Experts recommend to practice light physical exercise like walking during pregnancy and postpartum stages.,practice light physical exercise like walking,improves recovery after childbirth,moderate,all_women,expert_tip
44,Hydration during pregnancy,Experts recommend to get adequate sleep and rest during pregnancy and postpartum stages.,get adequate sleep and rest,enhances emotional well-being,easy,all_women,expert_tip
45,Postpartum recovery routines,Experts recommend to stay hydrated throughout the day during pregnancy and postpartum stages.,stay hydrated throughout the day,improves recovery after childbirth,moderate,new_mothers,expert_tip
46,Postpartum recovery routines,Experts recommend to stay hydrated throughout the day during pregnancy and postpartum stages.,stay hydrated throughout the day,supports infant development,easy,all_women,expert_tip
47,Emotional wellness during pregnancy,Experts recommend to seek emotional support from family during pregnancy and postpartum stages.,seek emotional support from family,enhances emotional well-being,moderate,pregnant_women,expert_tip
48,Emotional wellness during pregnancy,Experts recommend to seek emotional support from family during pregnancy and postpartum stages.,seek emotional support from family,enhances emotional well-being,easy,new_mothers,expert_tip
49,Exercise for pregnant women,Experts recommend to maintain a consistent daily routine during pregnancy and postpartum stages.,maintain a consistent daily routine,improves recovery after childbirth,moderate,pregnant_women,expert_tip
50,Hydration during pregnancy,Experts recommend to maintain a consistent daily routine during pregnancy and postpartum stages.,maintain a consistent daily routine,reduces stress levels,moderate,all_women,expert_tip
51,Exercise for pregnant women,Experts recommend to seek emotional support from family during pregnancy and postpartum stages.,seek emotional support from family,supports infant development,easy,all_women,expert_tip
52,Exercise for pregnant women,Experts recommend to get adequate sleep and rest during pregnancy and postpartum stages.,get adequate sleep and rest,improves recovery after childbirth,moderate,pregnant_women,expert_tip
53,Hydration during pregnancy,Experts recommend to stay hydrated throughout the day during pregnancy and postpartum stages.,stay hydrated throughout the day,supports infant development,moderate,new_mothers,expert_tip
54,Nutrition during pregnancy,Experts recommend to practice light physical exercise like walking during pregnancy and postpartum stages.,practice light physical exercise like walking,enhances emotional well-being,easy,new_mothers,expert_tip
55,Hydration during pregnancy,Experts recommend to maintain a consistent daily routine during pregnancy and postpartum stages.,maintain a consistent daily routine,enhances emotional well-being,easy,pregnant_women,expert_tip
56,Infant bonding techniques,Experts recommend to seek emotional support from family during pregnancy and postpartum stages.,seek emotional support from family,improves maternal health,moderate,pregnant_women,expert_tip
57,Managing fatigue in pregnancy,Experts recommend to stay hydrated throughout the day during pregnancy and postpartum stages.,stay hydrated throughout the day,improves maternal health,moderate,pregnant_women,expert_tip
58,Managing fatigue in pregnancy,Experts recommend to maintain balanced nutrition with iron and protein during pregnancy and postpartum stages.,maintain balanced nutrition with iron and protein,enhances emotional well-being,easy,all_women,expert_tip
59,Emotional wellness during pregnancy,Experts recommend to maintain balanced nutrition with iron and protein during pregnancy and postpartum stages.,maintain balanced nutrition with iron and protein,enhances emotional well-being,easy,pregnant_women,expert_tip
60,Postpartum recovery routines,Experts recommend to stay hydrated throughout the day during pregnancy and postpartum stages.,stay hydrated throughout the day,supports infant development,easy,new_mothers,expert_tip
61,Exercise for pregnant women,Experts recommend to stay hydrated throughout the day during pregnancy and postpartum stages.,stay hydrated throughout the day,enhances emotional well-being,moderate,new_mothers,expert_tip
62,Emotional wellness during pregnancy,Experts recommend to seek emotional support from family during pregnancy and postpartum stages.,seek emotional support from family,enhances emotional well-being,easy,all_women,expert_tip
63,Nutrition during pregnancy,Experts recommend to maintain balanced nutrition with iron and protein during pregnancy and postpartum stages.,maintain balanced nutrition with iron and protein,enhances emotional well-being,easy,new_mothers,expert_tip
64,Breastfeeding practices,Experts recommend to maintain balanced nutrition with iron and protein during pregnancy and postpartum stages.,maintain balanced nutrition with iron and protein,enhances emotional well-being,moderate,pregnant_women,expert_tip
65,Breastfeeding practices,Experts recommend to practice light physical exercise like walking during pregnancy and postpartum stages.,practice light physical exercise like walking,improves maternal health,moderate,new_mothers,expert_tip
66,Infant bonding techniques,Experts recommend to practice light physical exercise like walking during pregnancy and postpartum stages.,practice light physical exercise like walking,improves recovery after childbirth,easy,pregnant_women,expert_tip
67,Infant bonding techniques,Experts recommend to stay hydrated throughout the day during pregnancy and postpartum stages.,stay hydrated throughout the day,supports infant development,easy,new_mothers,expert_tip
68,Postpartum recovery routines,Experts recommend to practice light physical exercise like walking during pregnancy and postpartum stages.,practice light physical exercise like walking,supports infant development,easy,pregnant_women,expert_tip
69,Emotional wellness during pregnancy,Experts recommend to stay hydrated throughout the day during pregnancy and postpartum stages.,stay hydrated throughout the day,enhances emotional well-being,moderate,pregnant_women,expert_tip
70,Infant bonding techniques,Experts recommend to practice light physical exercise like walking during pregnancy and postpartum stages.,practice light physical exercise like walking,enhances emotional well-being,moderate,all_women,expert_tip
71,Managing fatigue in pregnancy,Experts recommend to stay hydrated throughout the day during pregnancy and postpartum stages.,stay hydrated throughout the day,supports infant development,easy,new_mothers,expert_tip
72,Managing fatigue in pregnancy,Experts recommend to seek emotional support from family during pregnancy and postpartum stages.,seek emotional support from family,reduces stress levels,easy,pregnant_women,expert_tip
73,Exercise for pregnant women,Experts recommend to practice light physical exercise like walking during pregnancy and postpartum stages.,practice light physical exercise like walking,improves maternal health,easy,new_mothers,expert_tip
74,Infant bonding techniques,Experts recommend to maintain a consistent daily routine during pregnancy and postpartum stages.,maintain a consistent daily routine,supports infant development,moderate,all_women,expert_tip
75,Breastfeeding practices,Experts recommend to get adequate sleep and rest during pregnancy and postpartum stages.,get adequate sleep and rest,improves maternal health,moderate,all_women,expert_tip
76,Postpartum recovery routines,Experts recommend to seek emotional support from family during pregnancy and postpartum stages.,seek emotional support from family,improves maternal health,easy,pregnant_women,expert_tip
77,Breastfeeding practices,Experts recommend to maintain balanced nutrition with iron and protein during pregnancy and postpartum stages.,maintain balanced nutrition with iron and protein,improves recovery after childbirth,moderate,new_mothers,expert_tip
78,Exercise for pregnant women,Experts recommend to practice light physical exercise like walking during pregnancy and postpartum stages.,practice light physical exercise like walking,enhances emotional well-being,easy,pregnant_women,expert_tip
79,Emotional wellness during pregnancy,Experts recommend to get adequate sleep and rest during pregnancy and postpartum stages.,get adequate sleep and rest,supports infant development,moderate,pregnant_women,expert_tip
80,Emotional wellness during pregnancy,Experts recommend to get adequate sleep and rest during pregnancy and postpartum stages.,get adequate sleep and rest,reduces stress levels,easy,new_mothers,expert_tip
81,Healthy sleep habits for mothers,Experts recommend to get adequate sleep and rest during pregnancy and postpartum stages.,get adequate sleep and rest,improves recovery after childbirth,moderate,all_women,expert_tip
82,Exercise for pregnant women,Experts recommend to seek emotional support from family during pregnancy and postpartum stages.,seek emotional support from family,supports infant development,easy,new_mothers,expert_tip
83,Emotional wellness during pregnancy,Experts recommend to seek emotional support from family during pregnancy and postpartum stages.,seek emotional support from family,improves maternal health,moderate,pregnant_women,expert_tip
84,Exercise for pregnant women,Experts recommend to get adequate sleep and rest during pregnancy and postpartum stages.,get adequate sleep and rest,reduces stress levels,easy,pregnant_women,expert_tip
85,Postpartum recovery routines,Experts recommend to practice light physical exercise like walking during pregnancy and postpartum stages.,practice light physical exercise like walking,enhances emotional well-being,moderate,new_mothers,expert_tip
86,Exercise for pregnant women,Experts recommend to get adequate sleep and rest during pregnancy and postpartum stages.,get adequate sleep and rest,reduces stress levels,moderate,all_women,expert_tip
87,Emotional wellness during pregnancy,Experts recommend to maintain balanced nutrition with iron and protein during pregnancy and postpartum stages.,maintain balanced nutrition with iron and protein,improves maternal health,easy,new_mothers,expert_tip
88,Breastfeeding practices,Experts recommend to stay hydrated throughout the day during pregnancy and postpartum stages.,stay hydrated throughout the day,improves recovery after childbirth,moderate,new_mothers,expert_tip
89,Infant bonding techniques,Experts recommend to get adequate sleep and rest during pregnancy and postpartum stages.,get adequate sleep and rest,supports infant development,easy,pregnant_women,expert_tip
90,Infant bonding techniques,Experts recommend to stay hydrated throughout the day during pregnancy and postpartum stages.,stay hydrated throughout the day,supports infant development,easy,new_mothers,expert_tip
91,Emotional wellness during pregnancy,Experts recommend to seek emotional support from family during pregnancy and postpartum stages.,seek emotional support from family,improves recovery after childbirth,moderate,new_mothers,expert_tip
92,Postpartum recovery routines,Experts recommend to practice light physical exercise like walking during pregnancy and postpartum stages.,practice light physical exercise like walking,improves recovery after childbirth,moderate,new_mothers,expert_tip
93,Exercise for pregnant women,Experts recommend to seek emotional support from family during pregnancy and postpartum stages.,seek emotional support from family,enhances emotional well-being,easy,all_women,expert_tip
94,Emotional wellness during pregnancy,Experts recommend to maintain balanced nutrition with iron and protein during pregnancy and postpartum stages.,maintain balanced nutrition with iron and protein,enhances emotional well-being,moderate,all_women,expert_tip
95,Infant bonding techniques,Experts recommend to maintain balanced nutrition with iron and protein during pregnancy and postpartum stages.,maintain balanced nutrition with iron and protein,improves recovery after childbirth,moderate,all_women,expert_tip
96,Managing fatigue in pregnancy,Experts recommend to get adequate sleep and rest during pregnancy and postpartum stages.,get adequate sleep and rest,reduces stress levels,easy,new_mothers,expert_tip
97,Exercise for pregnant women,Experts recommend to maintain balanced nutrition with iron and protein during pregnancy and postpartum stages.,maintain balanced nutrition with iron and protein,enhances emotional well-being,easy,pregnant_women,expert_tip
98,Healthy sleep habits for mothers,Experts recommend to seek emotional support from family during pregnancy and postpartum stages.,seek emotional support from family,improves recovery after childbirth,easy,pregnant_women,expert_tip
99,Healthy sleep habits for mothers,Experts recommend to practice light physical exercise like walking during pregnancy and postpartum stages.,practice light physical exercise like walking,enhances emotional well-being,moderate,pregnant_women,expert_tip
100,Nutrition during pregnancy,Experts recommend to get adequate sleep and rest during pregnancy and postpartum stages.,get adequate sleep and rest,improves maternal health,easy,pregnant_women,expert_tip
101,Breastfeeding practices,Experts recommend to practice light physical exercise like walking during pregnancy and postpartum stages.,practice light physical exercise like walking,enhances emotional well-being,moderate,all_women,expert_tip
102,Building healthy daily routines,Experts recommend to stay hydrated throughout the day during pregnancy and postpartum stages.,stay hydrated throughout the day,enhances emotional well-being,moderate,pregnant_women,expert_tip
103,Postpartum recovery routines,Experts recommend to practice light physical exercise like walking during pregnancy and postpartum stages.,practice light physical exercise like walking,supports infant development,moderate,pregnant_women,expert_tip
104,Healthy sleep habits for mothers,Experts recommend to maintain a consistent daily routine during pregnancy and postpartum stages.,maintain a consistent daily routine,supports infant development,easy,new_mothers,expert_tip
105,Building healthy daily routines,Experts recommend to stay hydrated throughout the day during pregnancy and postpartum stages.,stay hydrated throughout the day,enhances emotional well-being,easy,all_women,expert_tip
106,Exercise for pregnant women,Experts recommend to get adequate sleep and rest during pregnancy and postpartum stages.,get adequate sleep and rest,enhances emotional well-being,moderate,new_mothers,expert_tip
107,Building healthy daily routines,Experts recommend to maintain a consistent daily routine during pregnancy and postpartum stages.,maintain a consistent daily routine,reduces stress levels,moderate,all_women,expert_tip
108,Infant bonding techniques,Experts recommend to maintain balanced nutrition with iron and protein during pregnancy and postpartum stages.,maintain balanced nutrition with iron and protein,supports infant development,easy,all_women,expert_tip
109,Infant bonding techniques,Experts recommend to maintain balanced nutrition with iron and protein during pregnancy and postpartum stages.,maintain balanced nutrition with iron and protein,enhances emotional well-being,easy,all_women,expert_tip
110,Building healthy daily routines,Experts recommend to seek emotional support from family during pregnancy and postpartum stages.,seek emotional support from family,enhances emotional well-being,easy,pregnant_women,expert_tip
111,Infant bonding techniques,Experts recommend to stay hydrated throughout the day during pregnancy and postpartum stages.,stay hydrated throughout the day,improves maternal health,easy,pregnant_women,expert_tip
112,Managing fatigue in pregnancy,Experts recommend to practice light physical exercise like walking during pregnancy and postpartum stages.,practice light physical exercise like walking,supports infant development,moderate,new_mothers,expert_tip
113,Hydration during pregnancy,Experts recommend to maintain a consistent daily routine during pregnancy and postpartum stages.,maintain a consistent daily routine,improves recovery after childbirth,moderate,new_mothers,expert_tip
114,Building healthy daily routines,Experts recommend to maintain a consistent daily routine during pregnancy and postpartum stages.,maintain a consistent daily routine,reduces stress levels,moderate,new_mothers,expert_tip
115,Healthy sleep habits for mothers,Experts recommend to practice light physical exercise like walking during pregnancy and postpartum stages.,practice light physical exercise like walking,reduces stress levels,moderate,all_women,expert_tip
116,Breastfeeding practices,Experts recommend to get adequate sleep and rest during pregnancy and postpartum stages.,get adequate sleep and rest,reduces stress levels,easy,all_women,expert_tip
117,Breastfeeding practices,Experts recommend to maintain balanced nutrition with iron and protein during pregnancy and postpartum stages.,maintain balanced nutrition with iron and protein,improves recovery after childbirth,moderate,all_women,expert_tip
118,Exercise for pregnant women,Experts recommend to seek emotional support from family during pregnancy and postpartum stages.,seek emotional support from family,supports infant development,moderate,all_women,expert_tip
119,Breastfeeding practices,Experts recommend to get adequate sleep and rest during pregnancy and postpartum stages.,get adequate sleep and rest,supports infant development,easy,new_mothers,expert_tip
120,Nutrition during pregnancy,Experts recommend to practice light physical exercise like walking during pregnancy and postpartum stages.,practice light physical exercise like walking,reduces stress levels,moderate,pregnant_women,expert_tip
121,Postpartum recovery routines,Experts recommend to practice light physical exercise like walking during pregnancy and postpartum stages.,practice light physical exercise like walking,reduces stress levels,easy,new_mothers,expert_tip
122,Hydration during pregnancy,Experts recommend to practice light physical exercise like walking during pregnancy and postpartum stages.,practice light physical exercise like walking,reduces stress levels,moderate,all_women,expert_tip
123,Healthy sleep habits for mothers,Experts recommend to seek emotional support from family during pregnancy and postpartum stages.,seek emotional support from family,reduces stress levels,easy,new_mothers,expert_tip
124,Infant bonding techniques,Experts recommend to stay hydrated throughout the day during pregnancy and postpartum stages.,stay hydrated throughout the day,reduces stress levels,moderate,all_women,expert_tip
125,Breastfeeding practices,Experts recommend to seek emotional support from family during pregnancy and postpartum stages.,seek emotional support from family,improves maternal health,easy,all_women,expert_tip
126,Hydration during pregnancy,Experts recommend to practice light physical exercise like walking during pregnancy and postpartum stages.,practice light physical exercise like walking,improves recovery after childbirth,easy,new_mothers,expert_tip
127,Hydration during pregnancy,Experts recommend to practice light physical exercise like walking during pregnancy and postpartum stages.,practice light physical exercise like walking,supports infant development,easy,all_women,expert_tip
128,Building healthy daily routines,Experts recommend to maintain balanced nutrition with iron and protein during pregnancy and postpartum stages.,maintain balanced nutrition with iron and protein,enhances emotional well-being,moderate,new_mothers,expert_tip
129,Breastfeeding practices,Experts recommend to get adequate sleep and rest during pregnancy and postpartum stages.,get adequate sleep and rest,reduces stress levels,easy,new_mothers,expert_tip
130,Healthy sleep habits for mothers,Experts recommend to stay hydrated throughout the day during pregnancy and postpartum stages.,stay hydrated throughout the day,enhances emotional well-being,easy,all_women,expert_tip
131,Healthy sleep habits for mothers,Experts recommend to practice light physical exercise like walking during pregnancy and postpartum stages.,practice light physical exercise like walking,enhances emotional well-being,easy,pregnant_women,expert_tip
132,Healthy sleep habits for mothers,Experts recommend to seek emotional support from family during pregnancy and postpartum stages.,seek emotional support from family,enhances emotional well-being,easy,pregnant_women,expert_tip
133,Nutrition during pregnancy,Experts recommend to maintain a consistent daily routine during pregnancy and postpartum stages.,maintain a consistent daily routine,improves recovery after childbirth,easy,new_mothers,expert_tip
134,Building healthy daily routines,Experts recommend to practice light physical exercise like walking during pregnancy and postpartum stages.,practice light physical exercise like walking,improves recovery after childbirth,easy,new_mothers,expert_tip
135,Postpartum recovery routines,Experts recommend to get adequate sleep and rest during pregnancy and postpartum stages.,get adequate sleep and rest,reduces stress levels,moderate,all_women,expert_tip
136,Exercise for pregnant women,Experts recommend to get adequate sleep and rest during pregnancy and postpartum stages.,get adequate sleep and rest,improves maternal health,moderate,new_mothers,expert_tip
137,Infant bonding techniques,Experts recommend to get adequate sleep and rest during pregnancy and postpartum stages.,get adequate sleep and rest,improves recovery after childbirth,moderate,new_mothers,expert_tip
138,Building healthy daily routines,Experts recommend to stay hydrated throughout the day during pregnancy and postpartum stages.,stay hydrated throughout the day,supports infant development,moderate,new_mothers,expert_tip
139,Exercise for pregnant women,Experts recommend to get adequate sleep and rest during pregnancy and postpartum stages.,get adequate sleep and rest,enhances emotional well-being,moderate,pregnant_women,expert_tip
140,Healthy sleep habits for mothers,Experts recommend to seek emotional support from family during pregnancy and postpartum stages.,seek emotional support from family,improves maternal health,moderate,new_mothers,expert_tip
141,Breastfeeding practices,Experts recommend to stay hydrated throughout the day during pregnancy and postpartum stages.,stay hydrated throughout the day,supports infant development,easy,all_women,expert_tip
142,Postpartum recovery routines,Experts recommend to practice light physical exercise like walking during pregnancy and postpartum stages.,practice light physical exercise like walking,supports infant development,moderate,pregnant_women,expert_tip
143,Postpartum recovery routines,Experts recommend to get adequate sleep and rest during pregnancy and postpartum stages.,get adequate sleep and rest,reduces stress levels,moderate,all_women,expert_tip
144,Managing fatigue in pregnancy,Experts recommend to seek emotional support from family during pregnancy and postpartum stages.,seek emotional support from family,enhances emotional well-being,easy,pregnant_women,expert_tip
145,Exercise for pregnant women,Experts recommend to get adequate sleep and rest during pregnancy and postpartum stages.,get adequate sleep and rest,reduces stress levels,easy,new_mothers,expert_tip
146,Breastfeeding practices,Experts recommend to seek emotional support from family during pregnancy and postpartum stages.,seek emotional support from family,reduces stress levels,moderate,pregnant_women,expert_tip
147,Building healthy daily routines,Experts recommend to maintain balanced nutrition with iron and protein during pregnancy and postpartum stages.,maintain balanced nutrition with iron and protein,improves recovery after childbirth,easy,pregnant_women,expert_tip
148,Healthy sleep habits for mothers,Experts recommend to seek emotional support from family during pregnancy and postpartum stages.,seek emotional support from family,enhances emotional well-being,easy,all_women,expert_tip
149,Healthy sleep habits for mothers,Experts recommend to practice light physical exercise like walking during pregnancy and postpartum stages.,practice light physical exercise like walking,improves recovery after childbirth,moderate,new_mothers,expert_tip
150,Breastfeeding practices,Experts recommend to practice light physical exercise like walking during pregnancy and postpartum stages.,practice light physical exercise like walking,supports infant development,moderate,all_women,expert_tip
151,Healthy sleep habits for mothers,Experts recommend to stay hydrated throughout the day during pregnancy and postpartum stages.,stay hydrated throughout the day,reduces stress levels,easy,new_mothers,expert_tip
152,Building healthy daily routines,Experts recommend to seek emotional support from family during pregnancy and postpartum stages.,seek emotional support from family,reduces stress levels,easy,pregnant_women,expert_tip
153,Building healthy daily routines,Experts recommend to stay hydrated throughout the day during pregnancy and postpartum stages.,stay hydrated throughout the day,enhances emotional well-being,moderate,new_mothers,expert_tip
154,Hydration during pregnancy,Experts recommend to maintain a consistent daily routine during pregnancy and postpartum stages.,maintain a consistent daily routine,reduces stress levels,easy,new_mothers,expert_tip
155,Hydration during pregnancy,Experts recommend to maintain a consistent daily routine during pregnancy and postpartum stages.,maintain a consistent daily routine,improves recovery after childbirth,moderate,pregnant_women,expert_tip
156,Exercise for pregnant women,Experts recommend to stay hydrated throughout the day during pregnancy and postpartum stages.,stay hydrated throughout the day,supports infant development,moderate,new_mothers,expert_tip
157,Postpartum recovery routines,Experts recommend to get adequate sleep and rest during pregnancy and postpartum stages.,get adequate sleep and rest,enhances emotional well-being,easy,pregnant_women,expert_tip
158,Breastfeeding practices,Experts recommend to practice light physical exercise like walking during pregnancy and postpartum stages.,practice light physical exercise like walking,supports infant development,moderate,all_women,expert_tip
159,Emotional wellness during pregnancy,Experts recommend to seek emotional support from family during pregnancy and postpartum stages.,seek emotional support from family,improves recovery after childbirth,easy,new_mothers,expert_tip
160,Hydration during pregnancy,Experts recommend to seek emotional support from family during pregnancy and postpartum stages.,seek emotional support from family,reduces stress levels,moderate,pregnant_women,expert_tip
161,Hydration during pregnancy,Experts recommend to get adequate sleep and rest during pregnancy and postpartum stages.,get adequate sleep and rest,enhances emotional well-being,easy,all_women,expert_tip
162,Breastfeeding practices,Experts recommend to practice light physical exercise like walking during pregnancy and postpartum stages.,practice light physical exercise like walking,enhances emotional well-being,easy,all_women,expert_tip
163,Postpartum recovery routines,Experts recommend to maintain a consistent daily routine during pregnancy and postpartum stages.,maintain a consistent daily routine,enhances emotional well-being,easy,new_mothers,expert_tip
164,Nutrition during pregnancy,Experts recommend to maintain a consistent daily routine during pregnancy and postpartum stages.,maintain a consistent daily routine,improves maternal health,easy,pregnant_women,expert_tip
165,Managing fatigue in pregnancy,Experts recommend to maintain a consistent daily routine during pregnancy and postpartum stages.,maintain a consistent daily routine,improves recovery after childbirth,easy,all_women,expert_tip
166,Postpartum recovery routines,Experts recommend to get adequate sleep and rest during pregnancy and postpartum stages.,get adequate sleep and rest,enhances emotional well-being,easy,new_mothers,expert_tip
167,Emotional wellness during pregnancy,Experts recommend to practice light physical exercise like walking during pregnancy and postpartum stages.,practice light physical exercise like walking,improves maternal health,moderate,new_mothers,expert_tip
168,Postpartum recovery routines,Experts recommend to seek emotional support from family during pregnancy and postpartum stages.,seek emotional support from family,improves recovery after childbirth,easy,new_mothers,expert_tip
169,Infant bonding techniques,Experts recommend to practice light physical exercise like walking during pregnancy and postpartum stages.,practice light physical exercise like walking,improves recovery after childbirth,moderate,all_women,expert_tip
170,Hydration during pregnancy,Experts recommend to get adequate sleep and rest during pregnancy and postpartum stages.,get adequate sleep and rest,improves recovery after childbirth,moderate,pregnant_women,expert_tip
171,Postpartum recovery routines,Experts recommend to maintain balanced nutrition with iron and protein during pregnancy and postpartum stages.,maintain balanced nutrition with iron and protein,supports infant development,easy,pregnant_women,expert_tip
172,Postpartum recovery routines,Experts recommend to maintain a consistent daily routine during pregnancy and postpartum stages.,maintain a consistent daily routine,enhances emotional well-being,easy,pregnant_women,expert_tip
173,Healthy sleep habits for mothers,Experts recommend to get adequate sleep and rest during pregnancy and postpartum stages.,get adequate sleep and rest,improves recovery after childbirth,moderate,new_mothers,expert_tip
174,Building healthy daily routines,Experts recommend to stay hydrated throughout the day during pregnancy and postpartum stages.,stay hydrated throughout the day,supports infant development,moderate,pregnant_women,expert_tip
175,Healthy sleep habits for mothers,Experts recommend to stay hydrated throughout the day during pregnancy and postpartum stages.,stay hydrated throughout the day,improves recovery after childbirth,easy,all_women,expert_tip
176,Postpartum recovery routines,Experts recommend to seek emotional support from family during pregnancy and postpartum stages.,seek emotional support from family,improves maternal health,moderate,all_women,expert_tip
177,Managing fatigue in pregnancy,Experts recommend to maintain a consistent daily routine during pregnancy and postpartum stages.,maintain a consistent daily routine,reduces stress levels,moderate,pregnant_women,expert_tip
178,Hydration during pregnancy,Experts recommend to maintain balanced nutrition with iron and protein during pregnancy and postpartum stages.,maintain balanced nutrition with iron and protein,enhances emotional well-being,moderate,new_mothers,expert_tip
179,Hydration during pregnancy,Experts recommend to stay hydrated throughout the day during pregnancy and postpartum stages.,stay hydrated throughout the day,reduces stress levels,moderate,pregnant_women,expert_tip
180,Emotional wellness during pregnancy,Experts recommend to get adequate sleep and rest during pregnancy and postpartum stages.,get adequate sleep and rest,reduces stress levels,moderate,new_mothers,expert_tip
181,Infant bonding techniques,Experts recommend to get adequate sleep and rest during pregnancy and postpartum stages.,get adequate sleep and rest,enhances emotional well-being,moderate,all_women,expert_tip
182,Exercise for pregnant women,Experts recommend to maintain balanced nutrition with iron and protein during pregnancy and postpartum stages.,maintain balanced nutrition with iron and protein,reduces stress levels,moderate,all_women,expert_tip
183,Exercise for pregnant women,Experts recommend to maintain balanced nutrition with iron and protein during pregnancy and postpartum stages.,maintain balanced nutrition with iron and protein,supports infant development,moderate,all_women,expert_tip
184,Healthy sleep habits for mothers,Experts recommend to practice light physical exercise like walking during pregnancy and postpartum stages.,practice light physical exercise like walking,improves maternal health,easy,new_mothers,expert_tip
185,Infant bonding techniques,Experts recommend to stay hydrated throughout the day during pregnancy and postpartum stages.,stay hydrated throughout the day,improves recovery after childbirth,easy,pregnant_women,expert_tip
186,Healthy sleep habits for mothers,Experts recommend to maintain a consistent daily routine during pregnancy and postpartum stages.,maintain a consistent daily routine,reduces stress levels,moderate,pregnant_women,expert_tip
187,Nutrition during pregnancy,Experts recommend to practice light physical exercise like walking during pregnancy and postpartum stages.,practice light physical exercise like walking,improves maternal health,moderate,all_women,expert_tip
188,Healthy sleep habits for mothers,Experts recommend to stay hydrated throughout the day during pregnancy and postpartum stages.,stay hydrated throughout the day,improves maternal health,moderate,pregnant_women,expert_tip
189,Building healthy daily routines,Experts recommend to practice light physical exercise like walking during pregnancy and postpartum stages.,practice light physical exercise like walking,improves maternal health,moderate,all_women,expert_tip
190,Postpartum recovery routines,Experts recommend to practice light physical exercise like walking during pregnancy and postpartum stages.,practice light physical exercise like walking,reduces stress levels,moderate,pregnant_women,expert_tip
191,Emotional wellness during pregnancy,Experts recommend to maintain balanced nutrition with iron and protein during pregnancy and postpartum stages.,maintain balanced nutrition with iron and protein,reduces stress levels,moderate,all_women,expert_tip
192,Building healthy daily routines,Experts recommend to stay hydrated throughout the day during pregnancy and postpartum stages.,stay hydrated throughout the day,supports infant development,easy,pregnant_women,expert_tip
193,Hydration during pregnancy,Experts recommend to practice light physical exercise like walking during pregnancy and postpartum stages.,practice light physical exercise like walking,supports infant development,moderate,pregnant_women,expert_tip
194,Nutrition during pregnancy,Experts recommend to maintain balanced nutrition with iron and protein during pregnancy and postpartum stages.,maintain balanced nutrition with iron and protein,improves recovery after childbirth,easy,all_women,expert_tip
195,Breastfeeding practices,Experts recommend to maintain balanced nutrition with iron and protein during pregnancy and postpartum stages.,maintain balanced nutrition with iron and protein,improves maternal health,moderate,new_mothers,expert_tip
196,Exercise for pregnant women,Experts recommend to seek emotional support from family during pregnancy and postpartum stages.,seek emotional support from family,improves maternal health,moderate,pregnant_women,expert_tip
197,Building healthy daily routines,Experts recommend to practice light physical exercise like walking during pregnancy and postpartum stages.,practice light physical exercise like walking,improves maternal health,moderate,pregnant_women,expert_tip
198,Breastfeeding practices,Experts recommend to get adequate sleep and rest during pregnancy and postpartum stages.,get adequate sleep and rest,supports infant development,moderate,new_mothers,expert_tip
199,Healthy sleep habits for mothers,Experts recommend to seek emotional support from family during pregnancy and postpartum stages.,seek emotional support from family,enhances emotional well-being,moderate,all_women,expert_tip
200,Breastfeeding practices,Experts recommend to practice light physical exercise like walking during pregnancy and postpartum stages.,practice light physical exercise like walking,enhances emotional well-being,moderate,pregnant_women,expert_tip
201,Hydration during pregnancy,Experts recommend to get adequate sleep and rest during pregnancy and postpartum stages.,get adequate sleep and rest,improves recovery after childbirth,moderate,new_mothers,expert_tip
202,Building healthy daily routines,Experts recommend to maintain balanced nutrition with iron and protein during pregnancy and postpartum stages.,maintain balanced nutrition with iron and protein,enhances emotional well-being,moderate,new_mothers,expert_tip
203,Healthy sleep habits for mothers,Experts recommend to maintain balanced nutrition with iron and protein during pregnancy and postpartum stages.,maintain balanced nutrition with iron and protein,supports infant development,easy,all_women,expert_tip
204,Building healthy daily routines,Experts recommend to stay hydrated throughout the day during pregnancy and postpartum stages.,stay hydrated throughout the day,supports infant development,moderate,pregnant_women,expert_tip
205,Exercise for pregnant women,Experts recommend to practice light physical exercise like walking during pregnancy and postpartum stages.,practice light physical exercise like walking,enhances emotional well-being,moderate,pregnant_women,expert_tip
206,Healthy sleep habits for mothers,Experts recommend to get adequate sleep and rest during pregnancy and postpartum stages.,get adequate sleep and rest,improves maternal health,moderate,pregnant_women,expert_tip
207,Breastfeeding practices,Experts recommend to stay hydrated throughout the day during pregnancy and postpartum stages.,stay hydrated throughout the day,reduces stress levels,easy,all_women,expert_tip
208,Hydration during pregnancy,Experts recommend to maintain a consistent daily routine during pregnancy and postpartum stages.,maintain a consistent daily routine,improves recovery after childbirth,moderate,new_mothers,expert_tip
209,Hydration during pregnancy,Experts recommend to maintain balanced nutrition with iron and protein during pregnancy and postpartum stages.,maintain balanced nutrition with iron and protein,improves maternal health,moderate,pregnant_women,expert_tip
210,Hydration during pregnancy,Experts recommend to practice light physical exercise like walking during pregnancy and postpartum stages.,practice light physical exercise like walking,reduces stress levels,easy,new_mothers,expert_tip
211,Healthy sleep habits for mothers,Experts recommend to get adequate sleep and rest during pregnancy and postpartum stages.,get adequate sleep and rest,enhances emotional well-being,moderate,new_mothers,expert_tip
212,Emotional wellness during pregnancy,Experts recommend to seek emotional support from family during pregnancy and postpartum stages.,seek emotional support from family,supports infant development,easy,new_mothers,expert_tip
213,Building healthy daily routines,Experts recommend to seek emotional support from family during pregnancy and postpartum stages.,seek emotional support from family,reduces stress levels,moderate,pregnant_women,expert_tip
214,Healthy sleep habits for mothers,Experts recommend to maintain a consistent daily routine during pregnancy and postpartum stages.,maintain a consistent daily routine,supports infant development,moderate,pregnant_women,expert_tip
215,Postpartum recovery routines,Experts recommend to get adequate sleep and rest during pregnancy and postpartum stages.,get adequate sleep and rest,improves maternal health,easy,new_mothers,expert_tip
216,Postpartum recovery routines,Experts recommend to stay hydrated throughout the day during pregnancy and postpartum stages.,stay hydrated throughout the day,improves maternal health,easy,all_women,expert_tip
217,Hydration during pregnancy,Experts recommend to practice light physical exercise like walking during pregnancy and postpartum stages.,practice light physical exercise like walking,enhances emotional well-being,moderate,all_women,expert_tip
218,Exercise for pregnant women,Experts recommend to maintain a consistent daily routine during pregnancy and postpartum stages.,maintain a consistent daily routine,supports infant development,easy,all_women,expert_tip
219,Managing fatigue in pregnancy,Experts recommend to get adequate sleep and rest during pregnancy and postpartum stages.,get adequate sleep and rest,improves recovery after childbirth,easy,new_mothers,expert_tip
220,Building healthy daily routines,Experts recommend to seek emotional support from family during pregnancy and postpartum stages.,seek emotional support from family,improves recovery after childbirth,moderate,pregnant_women,expert_tip
221,Exercise for pregnant women,Experts recommend to maintain balanced nutrition with iron and protein during pregnancy and postpartum stages.,maintain balanced nutrition with iron and protein,supports infant development,easy,all_women,expert_tip
222,Emotional wellness during pregnancy,Experts recommend to get adequate sleep and rest during pregnancy and postpartum stages.,get adequate sleep and rest,reduces stress levels,moderate,new_mothers,expert_tip
223,Emotional wellness during pregnancy,Experts recommend to stay hydrated throughout the day during pregnancy and postpartum stages.,stay hydrated throughout the day,supports infant development,moderate,new_mothers,expert_tip
224,Hydration during pregnancy,Experts recommend to seek emotional support from family during pregnancy and postpartum stages.,seek emotional support from family,improves recovery after childbirth,moderate,all_women,expert_tip
225,Exercise for pregnant women,Experts recommend to maintain balanced nutrition with iron and protein during pregnancy and postpartum stages.,maintain balanced nutrition with iron and protein,supports infant development,moderate,all_women,expert_tip
226,Building healthy daily routines,Experts recommend to stay hydrated throughout the day during pregnancy and postpartum stages.,stay hydrated throughout the day,supports infant development,moderate,pregnant_women,expert_tip
227,Healthy sleep habits for mothers,Experts recommend to maintain balanced nutrition with iron and protein during pregnancy and postpartum stages.,maintain balanced nutrition with iron and protein,reduces stress levels,easy,new_mothers,expert_tip
228,Managing fatigue in pregnancy,Experts recommend to practice light physical exercise like walking during pregnancy and postpartum stages.,practice light physical exercise like walking,improves maternal health,moderate,pregnant_women,expert_tip
229,Exercise for pregnant women,Experts recommend to maintain a consistent daily routine during pregnancy and postpartum stages.,maintain a consistent daily routine,improves recovery after childbirth,easy,pregnant_women,expert_tip
230,Breastfeeding practices,Experts recommend to maintain balanced nutrition with iron and protein during pregnancy and postpartum stages.,maintain balanced nutrition with iron and protein,supports infant development,moderate,pregnant_women,expert_tip
231,Building healthy daily routines,Experts recommend to maintain a consistent daily routine during pregnancy and postpartum stages.,maintain a consistent daily routine,supports infant development,easy,new_mothers,expert_tip
232,Emotional wellness during pregnancy,Experts recommend to practice light physical exercise like walking during pregnancy and postpartum stages.,practice light physical exercise like walking,improves recovery after childbirth,moderate,pregnant_women,expert_tip
233,Emotional wellness during pregnancy,Experts recommend to maintain balanced nutrition with iron and protein during pregnancy and postpartum stages.,maintain balanced nutrition with iron and protein,supports infant development,moderate,new_mothers,expert_tip
234,Emotional wellness during pregnancy,Experts recommend to practice light physical exercise like walking during pregnancy and postpartum stages.,practice light physical exercise like walking,enhances emotional well-being,easy,all_women,expert_tip
235,Nutrition during pregnancy,Experts recommend to practice light physical exercise like walking during pregnancy and postpartum stages.,practice light physical exercise like walking,improves recovery after childbirth,easy,pregnant_women,expert_tip
236,Hydration during pregnancy,Experts recommend to seek emotional support from family during pregnancy and postpartum stages.,seek emotional support from family,improves recovery after childbirth,moderate,all_women,expert_tip
237,Emotional wellness during pregnancy,Experts recommend to practice light physical exercise like walking during pregnancy and postpartum stages.,practice light physical exercise like walking,enhances emotional well-being,easy,new_mothers,expert_tip
238,Infant bonding techniques,Experts recommend to get adequate sleep and rest during pregnancy and postpartum stages.,get adequate sleep and rest,improves recovery after childbirth,easy,all_women,expert_tip
239,Infant bonding techniques,Experts recommend to maintain a consistent daily routine during pregnancy and postpartum stages.,maintain a consistent daily routine,supports infant development,easy,new_mothers,expert_tip
240,Building healthy daily routines,Experts recommend to stay hydrated throughout the day during pregnancy and postpartum stages.,stay hydrated throughout the day,improves recovery after childbirth,moderate,all_women,expert_tip
241,Managing fatigue in pregnancy,Experts recommend to seek emotional support from family during pregnancy and postpartum stages.,seek emotional support from family,improves maternal health,moderate,new_mothers,expert_tip
242,Infant bonding techniques,Experts recommend to practice light physical exercise like walking during pregnancy and postpartum stages.,practice light physical exercise like walking,improves maternal health,moderate,new_mothers,expert_tip
243,Exercise for pregnant women,Experts recommend to practice light physical exercise like walking during pregnancy and postpartum stages.,practice light physical exercise like walking,improves recovery after childbirth,moderate,all_women,expert_tip
244,Building healthy daily routines,Experts recommend to get adequate sleep and rest during pregnancy and postpartum stages.,get adequate sleep and rest,enhances emotional well-being,easy,new_mothers,expert_tip
245,Breastfeeding practices,Experts recommend to maintain a consistent daily routine during pregnancy and postpartum stages.,maintain a consistent daily routine,reduces stress levels,moderate,all_women,expert_tip
246,Infant bonding techniques,Experts recommend to maintain a consistent daily routine during pregnancy and postpartum stages.,maintain a consistent daily routine,enhances emotional well-being,easy,new_mothers,expert_tip
247,Postpartum recovery routines,Experts recommend to seek emotional support from family during pregnancy and postpartum stages.,seek emotional support from family,improves maternal health,easy,pregnant_women,expert_tip
248,Hydration during pregnancy,Experts recommend to get adequate sleep and rest during pregnancy and postpartum stages.,get adequate sleep and rest,enhances emotional well-being,easy,all_women,expert_tip
249,Exercise for pregnant women,Experts recommend to get adequate sleep and rest during pregnancy and postpartum stages.,get adequate sleep and rest,enhances emotional well-being,easy,pregnant_women,expert_tip
250,Nutrition during pregnancy,Experts recommend to maintain a consistent daily routine during pregnancy and postpartum stages.,maintain a consistent daily routine,improves recovery after childbirth,moderate,new_mothers,expert_tip
251,Healthy sleep habits for mothers,Experts recommend to practice light physical exercise like walking during pregnancy and postpartum stages.,practice light physical exercise like walking,reduces stress levels,easy,all_women,expert_tip
252,Emotional wellness during pregnancy,Experts recommend to maintain balanced nutrition with iron and protein during pregnancy and postpartum stages.,maintain balanced nutrition with iron and protein,improves recovery after childbirth,easy,pregnant_women,expert_tip
253,Infant bonding techniques,Experts recommend to seek emotional support from family during pregnancy and postpartum stages.,seek emotional support from family,improves maternal health,moderate,pregnant_women,expert_tip
254,Building healthy daily routines,Experts recommend to get adequate sleep and rest during pregnancy and postpartum stages.,get adequate sleep and rest,improves maternal health,easy,new_mothers,expert_tip
255,Building healthy daily routines,Experts recommend to maintain balanced nutrition with iron and protein during pregnancy and postpartum stages.,maintain balanced nutrition with iron and protein,enhances emotional well-being,easy,new_mothers,expert_tip
256,Hydration during pregnancy,Experts recommend to get adequate sleep and rest during pregnancy and postpartum stages.,get adequate sleep and rest,improves recovery after childbirth,moderate,new_mothers,expert_tip
257,Postpartum recovery routines,Experts recommend to get adequate sleep and rest during pregnancy and postpartum stages.,get adequate sleep and rest,supports infant development,moderate,all_women,expert_tip
258,Exercise for pregnant women,Experts recommend to maintain a consistent daily routine during pregnancy and postpartum stages.,maintain a consistent daily routine,reduces stress levels,easy,all_women,expert_tip
259,Breastfeeding practices,Experts recommend to stay hydrated throughout the day during pregnancy and postpartum stages.,stay hydrated throughout the day,enhances emotional well-being,easy,all_women,expert_tip
260,Healthy sleep habits for mothers,Experts recommend to seek emotional support from family during pregnancy and postpartum stages.,seek emotional support from family,improves maternal health,moderate,new_mothers,expert_tip
261,Postpartum recovery routines,Experts recommend to get adequate sleep and rest during pregnancy and postpartum stages.,get adequate sleep and rest,supports infant development,moderate,pregnant_women,expert_tip
262,Infant bonding techniques,Experts recommend to stay hydrated throughout the day during pregnancy and postpartum stages.,stay hydrated throughout the day,supports infant development,moderate,all_women,expert_tip
263,Postpartum recovery routines,Experts recommend to stay hydrated throughout the day during pregnancy and postpartum stages.,stay hydrated throughout the day,improves recovery after childbirth,moderate,all_women,expert_tip
264,Exercise for pregnant women,Experts recommend to get adequate sleep and rest during pregnancy and postpartum stages.,get adequate sleep and rest,improves recovery after childbirth,easy,pregnant_women,expert_tip
265,Emotional wellness during pregnancy,Experts recommend to seek emotional support from family during pregnancy and postpartum stages.,seek emotional support from family,enhances emotional well-being,moderate,pregnant_women,expert_tip
266,Healthy sleep habits for mothers,Experts recommend to seek emotional support from family during pregnancy and postpartum stages.,seek emotional support from family,improves recovery after childbirth,moderate,new_mothers,expert_tip
267,Exercise for pregnant women,Experts recommend to get adequate sleep and rest during pregnancy and postpartum stages.,get adequate sleep and rest,improves maternal health,moderate,new_mothers,expert_tip
268,Emotional wellness during pregnancy,Experts recommend to get adequate sleep and rest during pregnancy and postpartum stages.,get adequate sleep and rest,improves maternal health,moderate,new_mothers,expert_tip
269,Managing fatigue in pregnancy,Experts recommend to get adequate sleep and rest during pregnancy and postpartum stages.,get adequate sleep and rest,supports infant development,easy,pregnant_women,expert_tip
270,Breastfeeding practices,Experts recommend to stay hydrated throughout the day during pregnancy and postpartum stages.,stay hydrated throughout the day,reduces stress levels,easy,all_women,expert_tip
271,Healthy sleep habits for mothers,Experts recommend to practice light physical exercise like walking during pregnancy and postpartum stages.,practice light physical exercise like walking,reduces stress levels,easy,all_women,expert_tip
272,Building healthy daily routines,Experts recommend to stay hydrated throughout the day during pregnancy and postpartum stages.,stay hydrated throughout the day,improves recovery after childbirth,easy,all_women,expert_tip
273,Building healthy daily routines,Experts recommend to stay hydrated throughout the day during pregnancy and postpartum stages.,stay hydrated throughout the day,reduces stress levels,moderate,all_women,expert_tip
274,Exercise for pregnant women,Experts recommend to stay hydrated throughout the day during pregnancy and postpartum stages.,stay hydrated throughout the day,enhances emotional well-being,moderate,new_mothers,expert_tip
275,Hydration during pregnancy,Experts recommend to get adequate sleep and rest during pregnancy and postpartum stages.,get adequate sleep and rest,enhances emotional well-being,easy,all_women,expert_tip
276,Emotional wellness during pregnancy,Experts recommend to get adequate sleep and rest during pregnancy and postpartum stages.,get adequate sleep and rest,improves recovery after childbirth,moderate,new_mothers,expert_tip
277,Postpartum recovery routines,Experts recommend to maintain balanced nutrition with iron and protein during pregnancy and postpartum stages.,maintain balanced nutrition with iron and protein,enhances emotional well-being,moderate,new_mothers,expert_tip
278,Managing fatigue in pregnancy,Experts recommend to stay hydrated throughout the day during pregnancy and postpartum stages.,stay hydrated throughout the day,reduces stress levels,moderate,pregnant_women,expert_tip
279,Breastfeeding practices,Experts recommend to seek emotional support from family during pregnancy and postpartum stages.,seek emotional support from family,reduces stress levels,moderate,all_women,expert_tip
280,Managing fatigue in pregnancy,Experts recommend to stay hydrated throughout the day during pregnancy and postpartum stages.,stay hydrated throughout the day,supports infant development,easy,all_women,expert_tip
281,Nutrition during pregnancy,Experts recommend to maintain a consistent daily routine during pregnancy and postpartum stages.,maintain a consistent daily routine,reduces stress levels,easy,all_women,expert_tip
282,Managing fatigue in pregnancy,Experts recommend to maintain balanced nutrition with iron and protein during pregnancy and postpartum stages.,maintain balanced nutrition with iron and protein,improves recovery after childbirth,moderate,pregnant_women,expert_tip
283,Exercise for pregnant women,Experts recommend to get adequate sleep and rest during pregnancy and postpartum stages.,get adequate sleep and rest,enhances emotional well-being,moderate,new_mothers,expert_tip
284,Hydration during pregnancy,Experts recommend to practice light physical exercise like walking during pregnancy and postpartum stages.,practice light physical exercise like walking,improves maternal health,easy,new_mothers,expert_tip
285,Postpartum recovery routines,Experts recommend to get adequate sleep and rest during pregnancy and postpartum stages.,get adequate sleep and rest,improves recovery after childbirth,moderate,pregnant_women,expert_tip
286,Breastfeeding practices,Experts recommend to maintain a consistent daily routine during pregnancy and postpartum stages.,maintain a consistent daily routine,supports infant development,moderate,new_mothers,expert_tip
287,Infant bonding techniques,Experts recommend to practice light physical exercise like walking during pregnancy and postpartum stages.,practice light physical exercise like walking,improves recovery after childbirth,moderate,new_mothers,expert_tip
288,Postpartum recovery routines,Experts recommend to get adequate sleep and rest during pregnancy and postpartum stages.,get adequate sleep and rest,reduces stress levels,moderate,pregnant_women,expert_tip
289,Exercise for pregnant women,Experts recommend to seek emotional support from family during pregnancy and postpartum stages.,seek emotional support from family,improves maternal health,moderate,pregnant_women,expert_tip
290,Postpartum recovery routines,Experts recommend to stay hydrated throughout the day during pregnancy and postpartum stages.,stay hydrated throughout the day,supports infant development,moderate,all_women,expert_tip
291,Building healthy daily routines,Experts recommend to maintain a consistent daily routine during pregnancy and postpartum stages.,maintain a consistent daily routine,reduces stress levels,moderate,all_women,expert_tip
292,Exercise for pregnant women,Experts recommend to seek emotional support from family during pregnancy and postpartum stages.,seek emotional support from family,reduces stress levels,easy,new_mothers,expert_tip
293,Breastfeeding practices,Experts recommend to get adequate sleep and rest during pregnancy and postpartum stages.,get adequate sleep and rest,improves maternal health,easy,new_mothers,expert_tip
294,Exercise for pregnant women,Experts recommend to maintain a consistent daily routine during pregnancy and postpartum stages.,maintain a consistent daily routine,enhances emotional well-being,moderate,new_mothers,expert_tip
295,Emotional wellness during pregnancy,Experts recommend to practice light physical exercise like walking during pregnancy and postpartum stages.,practice light physical exercise like walking,supports infant development,moderate,pregnant_women,expert_tip
296,Breastfeeding practices,Experts recommend to get adequate sleep and rest during pregnancy and postpartum stages.,get adequate sleep and rest,enhances emotional well-being,moderate,pregnant_women,expert_tip
297,Hydration during pregnancy,Experts recommend to maintain balanced nutrition with iron and protein during pregnancy and postpartum stages.,maintain balanced nutrition with iron and protein,improves maternal health,easy,pregnant_women,expert_tip
298,Healthy sleep habits for mothers,Experts recommend to seek emotional support from family during pregnancy and postpartum stages.,seek emotional support from family,reduces stress levels,easy,all_women,expert_tip
299,Exercise for pregnant women,Experts recommend to seek emotional support from family during pregnancy and postpartum stages.,seek emotional support from family,enhances emotional well-being,easy,new_mothers,expert_tip
300,Infant bonding techniques,Experts recommend to maintain a consistent daily routine during pregnancy and postpartum stages.,maintain a consistent daily routine,reduces stress levels,moderate,pregnant_women,expert_tip
301,Postpartum recovery routines,Experts recommend to maintain balanced nutrition with iron and protein during pregnancy and postpartum stages.,maintain balanced nutrition with iron and protein,reduces stress levels,moderate,all_women,expert_tip
302,Exercise for pregnant women,Experts recommend to stay hydrated throughout the day during pregnancy and postpartum stages.,stay hydrated throughout the day,enhances emotional well-being,easy,new_mothers,expert_tip
303,Infant bonding techniques,Experts recommend to maintain a consistent daily routine during pregnancy and postpartum stages.,maintain a consistent daily routine,enhances emotional well-being,moderate,pregnant_women,expert_tip
304,Managing fatigue in pregnancy,Experts recommend to stay hydrated throughout the day during pregnancy and postpartum stages.,stay hydrated throughout the day,supports infant development,moderate,new_mothers,expert_tip
305,Hydration during pregnancy,Experts recommend to practice light physical exercise like walking during pregnancy and postpartum stages.,practice light physical exercise like walking,supports infant development,easy,new_mothers,expert_tip
306,Infant bonding techniques,Experts recommend to stay hydrated throughout the day during pregnancy and postpartum stages.,stay hydrated throughout the day,improves recovery after childbirth,moderate,all_women,expert_tip
307,Building healthy daily routines,Experts recommend to maintain a consistent daily routine during pregnancy and postpartum stages.,maintain a consistent daily routine,enhances emotional well-being,moderate,pregnant_women,expert_tip
308,Postpartum recovery routines,Experts recommend to get adequate sleep and rest during pregnancy and postpartum stages.,get adequate sleep and rest,enhances emotional well-being,moderate,pregnant_women,expert_tip
309,Infant bonding techniques,Experts recommend to maintain balanced nutrition with iron and protein during pregnancy and postpartum stages.,maintain balanced nutrition with iron and protein,supports infant development,moderate,new_mothers,expert_tip
310,Postpartum recovery routines,Experts recommend to practice light physical exercise like walking during pregnancy and postpartum stages.,practice light physical exercise like walking,improves recovery after childbirth,moderate,pregnant_women,expert_tip
311,Nutrition during pregnancy,Experts recommend to maintain a consistent daily routine during pregnancy and postpartum stages.,maintain a consistent daily routine,improves recovery after childbirth,easy,new_mothers,expert_tip
312,Managing fatigue in pregnancy,Experts recommend to get adequate sleep and rest during pregnancy and postpartum stages.,get adequate sleep and rest,enhances emotional well-being,moderate,all_women,expert_tip
313,Exercise for pregnant women,Experts recommend to maintain a consistent daily routine during pregnancy and postpartum stages.,maintain a consistent daily routine,reduces stress levels,moderate,pregnant_women,expert_tip
314,Breastfeeding practices,Experts recommend to get adequate sleep and rest during pregnancy and postpartum stages.,get adequate sleep and rest,reduces stress levels,moderate,new_mothers,expert_tip
315,Breastfeeding practices,Experts recommend to maintain a consistent daily routine during pregnancy and postpartum stages.,maintain a consistent daily routine,reduces stress levels,easy,all_women,expert_tip
316,Healthy sleep habits for mothers,Experts recommend to maintain a consistent daily routine during pregnancy and postpartum stages.,maintain a consistent daily routine,enhances emotional well-being,moderate,pregnant_women,expert_tip
317,Emotional wellness during pregnancy,Experts recommend to stay hydrated throughout the day during pregnancy and postpartum stages.,stay hydrated throughout the day,enhances emotional well-being,easy,all_women,expert_tip
318,Infant bonding techniques,Experts recommend to practice light physical exercise like walking during pregnancy and postpartum stages.,practice light physical exercise like walking,improves maternal health,moderate,new_mothers,expert_tip
319,Managing fatigue in pregnancy,Experts recommend to maintain a consistent daily routine during pregnancy and postpartum stages.,maintain a consistent daily routine,enhances emotional well-being,easy,pregnant_women,expert_tip
320,Managing fatigue in pregnancy,Experts recommend to seek emotional support from family during pregnancy and postpartum stages.,seek emotional support from family,enhances emotional well-being,moderate,pregnant_women,expert_tip
321,Managing fatigue in pregnancy,Experts recommend to get adequate sleep and rest during pregnancy and postpartum stages.,get adequate sleep and rest,supports infant development,easy,all_women,expert_tip
322,Breastfeeding practices,Experts recommend to maintain a consistent daily routine during pregnancy and postpartum stages.,maintain a consistent daily routine,enhances emotional well-being,easy,all_women,expert_tip
323,Exercise for pregnant women,Experts recommend to stay hydrated throughout the day during pregnancy and postpartum stages.,stay hydrated throughout the day,enhances emotional well-being,moderate,pregnant_women,expert_tip
324,Breastfeeding practices,Experts recommend to maintain balanced nutrition with iron and protein during pregnancy and postpartum stages.,maintain balanced nutrition with iron and protein,improves recovery after childbirth,easy,pregnant_women,expert_tip
325,Building healthy daily routines,Experts recommend to seek emotional support from family during pregnancy and postpartum stages.,seek emotional support from family,improves recovery after childbirth,moderate,all_women,expert_tip
326,Nutrition during pregnancy,Experts recommend to get adequate sleep and rest during pregnancy and postpartum stages.,get adequate sleep and rest,reduces stress levels,easy,new_mothers,expert_tip
327,Managing fatigue in pregnancy,Experts recommend to seek emotional support from family during pregnancy and postpartum stages.,seek emotional support from family,supports infant development,moderate,pregnant_women,expert_tip
328,Nutrition during pregnancy,Experts recommend to maintain balanced nutrition with iron and protein during pregnancy and postpartum stages.,maintain balanced nutrition with iron and protein,improves maternal health,easy,new_mothers,expert_tip
329,Hydration during pregnancy,Experts recommend to maintain balanced nutrition with iron and protein during pregnancy and postpartum stages.,maintain balanced nutrition with iron and protein,improves recovery after childbirth,easy,pregnant_women,expert_tip
330,Breastfeeding practices,Experts recommend to get adequate sleep and rest during pregnancy and postpartum stages.,get adequate sleep and rest,enhances emotional well-being,moderate,pregnant_women,expert_tip
331,Postpartum recovery routines,Experts recommend to maintain balanced nutrition with iron and protein during pregnancy and postpartum stages.,maintain balanced nutrition with iron and protein,supports infant development,easy,pregnant_women,expert_tip
332,Building healthy daily routines,Experts recommend to maintain a consistent daily routine during pregnancy and postpartum stages.,maintain a consistent daily routine,enhances emotional well-being,moderate,new_mothers,expert_tip
333,Breastfeeding practices,Experts recommend to maintain balanced nutrition with iron and protein during pregnancy and postpartum stages.,maintain balanced nutrition with iron and protein,enhances emotional well-being,easy,pregnant_women,expert_tip
334,Emotional wellness during pregnancy,Experts recommend to seek emotional support from family during pregnancy and postpartum stages.,seek emotional support from family,enhances emotional well-being,moderate,pregnant_women,expert_tip
335,Exercise for pregnant women,Experts recommend to get adequate sleep and rest during pregnancy and postpartum stages.,get adequate sleep and rest,improves recovery after childbirth,moderate,new_mothers,expert_tip
336,Building healthy daily routines,Experts recommend to get adequate sleep and rest during pregnancy and postpartum stages.,get adequate sleep and rest,improves recovery after childbirth,easy,pregnant_women,expert_tip
337,Nutrition during pregnancy,Experts recommend to seek emotional support from family during pregnancy and postpartum stages.,seek emotional support from family,reduces stress levels,moderate,new_mothers,expert_tip
338,Healthy sleep habits for mothers,Experts recommend to practice light physical exercise like walking during pregnancy and postpartum stages.,practice light physical exercise like walking,improves recovery after childbirth,moderate,pregnant_women,expert_tip
339,Hydration during pregnancy,Experts recommend to maintain a consistent daily routine during pregnancy and postpartum stages.,maintain a consistent daily routine,improves recovery after childbirth,easy,all_women,expert_tip
340,Managing fatigue in pregnancy,Experts recommend to practice light physical exercise like walking during pregnancy and postpartum stages.,practice light physical exercise like walking,enhances emotional well-being,easy,pregnant_women,expert_tip
341,Building healthy daily routines,Experts recommend to practice light physical exercise like walking during pregnancy and postpartum stages.,practice light physical exercise like walking,reduces stress levels,easy,pregnant_women,expert_tip
342,Healthy sleep habits for mothers,Experts recommend to stay hydrated throughout the day during pregnancy and postpartum stages.,stay hydrated throughout the day,improves recovery after childbirth,easy,new_mothers,expert_tip
343,Hydration during pregnancy,Experts recommend to maintain a consistent daily routine during pregnancy and postpartum stages.,maintain a consistent daily routine,improves recovery after childbirth,easy,new_mothers,expert_tip
344,Emotional wellness during pregnancy,Experts recommend to stay hydrated throughout the day during pregnancy and postpartum stages.,stay hydrated throughout the day,enhances emotional well-being,easy,pregnant_women,expert_tip
345,Exercise for pregnant women,Experts recommend to maintain a consistent daily routine during pregnancy and postpartum stages.,maintain a consistent daily routine,reduces stress levels,easy,new_mothers,expert_tip
346,Exercise for pregnant women,Experts recommend to maintain a consistent daily routine during pregnancy and postpartum stages.,maintain a consistent daily routine,reduces stress levels,easy,new_mothers,expert_tip
347,Healthy sleep habits for mothers,Experts recommend to seek emotional support from family during pregnancy and postpartum stages.,seek emotional support from family,supports infant development,moderate,pregnant_women,expert_tip
348,Emotional wellness during pregnancy,Experts recommend to get adequate sleep and rest during pregnancy and postpartum stages.,get adequate sleep and rest,supports infant development,easy,all_women,expert_tip
349,Breastfeeding practices,Experts recommend to stay hydrated throughout the day during pregnancy and postpartum stages.,stay hydrated throughout the day,reduces stress levels,moderate,new_mothers,expert_tip
350,Building healthy daily routines,Experts recommend to maintain a consistent daily routine during pregnancy and postpartum stages.,maintain a consistent daily routine,supports infant development,easy,new_mothers,expert_tip
